Time (s),Throttle,Engine RPM,Gear,Clutch Engaged,Trans Input RPM,Roller RPM,Load Torque (Nm)
0.02,1.00,265,4,1.00,241,52,54.82
0.04,1.00,250,4,1.00,250,56,55.61
0.06,1.00,265,4,1.00,266,60,55.95
0.08,1.00,281,4,1.00,282,63,56.31
0.10,1.00,297,4,1.00,298,67,56.67
0.12,1.00,313,4,1.00,314,71,57.03
0.14,1.00,329,4,1.00,330,74,57.39
0.16,1.00,345,4,1.00,347,78,57.77
0.18,1.00,362,4,1.00,363,82,58.14
0.20,1.00,379,4,1.00,380,85,58.52
0.22,1.00,396,4,1.00,397,89,58.90
0.24,1.00,413,4,1.00,414,93,59.29
0.26,1.00,430,4,1.00,431,97,59.68
0.28,1.00,448,4,1.00,449,101,60.07
0.30,1.00,465,4,1.00,467,105,60.47
0.32,1.00,483,4,1.00,485,109,60.87
0.34,1.00,501,4,1.00,503,113,61.28
0.36,1.00,520,4,1.00,521,117,61.69
0.38,1.00,538,4,1.00,539,121,62.10
0.40,1.00,556,4,1.00,558,125,62.52
0.42,1.00,575,4,1.00,576,130,62.94
0.44,1.00,594,4,1.00,595,134,63.37
0.46,1.00,613,4,1.00,614,138,63.79
0.48,1.00,632,4,1.00,633,142,64.22
0.50,1.00,651,4,1.00,652,147,64.65
0.52,1.00,670,4,1.00,671,151,65.08
0.54,1.00,689,4,1.00,691,155,65.52
0.56,1.00,709,4,1.00,710,160,65.96
0.58,1.00,728,4,1.00,730,164,66.39
0.60,1.00,748,4,1.00,749,169,66.84
0.62,1.00,767,4,1.00,769,173,67.28
0.64,1.00,787,4,1.00,789,178,67.72
0.66,1.00,807,4,1.00,808,182,68.17
0.68,1.00,827,4,1.00,828,186,68.62
0.70,1.00,847,4,1.00,848,191,69.07
0.72,1.00,867,4,1.00,868,196,69.52
0.74,1.00,887,4,1.00,889,200,69.98
0.76,1.00,907,4,1.00,909,205,70.43
0.78,1.00,928,4,1.00,929,209,70.89
0.80,1.00,948,4,1.00,950,214,71.35
0.82,1.00,969,4,1.00,970,218,71.81
0.84,1.00,989,4,1.00,990,223,72.27
0.86,1.00,1009,4,1.00,1011,228,72.73
0.88,1.00,1030,4,1.00,1031,232,73.19
0.90,1.00,1050,4,1.00,1052,237,73.65
0.92,1.00,1071,4,1.00,1072,242,74.12
0.94,1.00,1092,4,1.00,1093,246,74.60
0.96,1.00,1113,4,1.00,1115,251,75.07
0.98,1.00,1135,4,1.00,1136,256,75.56
1.00,1.00,1156,4,1.00,1158,261,76.05
1.02,1.00,1178,4,1.00,1180,266,76.54
1.04,1.00,1200,4,1.00,1202,271,77.04
1.06,1.00,1223,4,1.00,1224,276,77.54
1.08,1.00,1245,4,1.00,1247,281,78.04
1.10,1.00,1268,4,1.00,1269,286,78.56
1.12,1.00,1291,4,1.00,1292,291,79.07
1.14,1.00,1314,4,1.00,1316,296,79.60
1.16,1.00,1337,4,1.00,1339,302,80.12
1.18,1.00,1361,4,1.00,1363,307,80.66
1.20,1.00,1385,4,1.00,1386,312,81.19
1.22,1.00,1409,4,1.00,1411,318,81.74
1.24,1.00,1433,4,1.00,1435,323,82.29
1.26,1.00,1458,4,1.00,1459,329,82.84
1.28,1.00,1483,4,1.00,1484,334,83.40
1.30,1.00,1508,4,1.00,1509,340,83.96
1.32,1.00,1533,4,1.00,1535,346,84.53
1.34,1.00,1559,4,1.00,1560,351,85.11
1.36,1.00,1584,4,1.00,1586,357,85.69
1.38,1.00,1610,4,1.00,1612,363,86.28
1.40,1.00,1637,4,1.00,1638,369,86.87
1.42,1.00,1663,4,1.00,1665,375,87.47
1.44,1.00,1690,4,1.00,1692,381,88.07
1.46,1.00,1717,4,1.00,1719,387,88.68
1.48,1.00,1745,4,1.00,1746,393,89.30
1.50,1.00,1772,4,1.00,1774,400,89.92
1.52,1.00,1800,4,1.00,1802,406,90.55
1.54,1.00,1828,4,1.00,1830,412,91.19
1.56,1.00,1857,4,1.00,1859,419,91.83
1.58,1.00,1885,4,1.00,1887,425,92.48
1.60,1.00,1914,4,1.00,1916,432,93.13
1.62,1.00,1944,4,1.00,1946,438,93.79
1.64,1.00,1973,4,1.00,1975,445,94.46
1.66,1.00,2003,4,1.00,2005,452,95.13
1.68,1.00,2034,4,1.00,2036,459,95.81
1.70,1.00,2065,4,1.00,2067,466,96.51
1.72,1.00,2096,4,1.00,2099,473,97.23
1.74,1.00,2129,4,1.00,2131,480,97.96
1.76,1.00,2162,4,1.00,2164,488,98.71
1.78,1.00,2196,4,1.00,2199,495,99.48
1.80,1.00,2231,4,1.00,2234,503,100.26
1.82,1.00,2267,4,1.00,2269,511,101.07
1.84,1.00,2303,4,1.00,2306,519,101.89
1.86,1.00,2341,4,1.00,2343,528,102.73
1.88,1.00,2379,4,1.00,2381,536,103.59
1.90,1.00,2418,4,1.00,2421,545,104.47
1.92,1.00,2458,4,1.00,2461,554,105.37
1.94,1.00,2499,4,1.00,2502,564,106.29
1.96,1.00,2541,4,1.00,2543,573,107.23
1.98,1.00,2583,4,1.00,2586,583,108.20
2.00,1.00,2627,4,1.00,2630,592,109.18
2.02,1.00,2672,4,1.00,2675,603,110.19
2.04,1.00,2718,4,1.00,2721,613,111.22
2.06,1.00,2765,4,1.00,2768,624,112.28
2.08,1.00,2813,4,1.00,2816,634,113.36
2.10,1.00,2862,4,1.00,2865,645,114.47
2.12,1.00,2912,4,1.00,2916,657,115.60
2.14,1.00,2964,4,1.00,2967,668,116.76
2.16,1.00,3016,4,1.00,3020,680,117.94
2.18,1.00,3071,4,1.00,3075,693,119.18
2.20,1.00,3129,4,1.00,3133,706,120.48
2.22,1.00,3190,4,1.00,3194,719,121.84
2.24,1.00,3254,4,1.00,3258,734,123.28
2.26,1.00,3321,4,1.00,3326,749,124.80
2.28,1.00,3392,4,1.00,3397,765,126.39
2.30,1.00,3467,4,1.00,3472,782,128.06
2.32,1.00,3545,4,1.00,3550,799,129.82
2.34,1.00,3627,4,1.00,3633,818,131.67
2.36,1.00,3714,4,1.00,3720,838,133.62
2.38,1.00,3805,4,1.00,3811,858,135.67
2.40,1.00,3901,4,1.00,3907,880,137.82
2.42,1.00,4002,4,1.00,4009,902,140.09
2.44,1.00,4105,4,1.00,4112,926,142.42
2.46,1.00,4207,4,1.00,4214,949,144.73
2.48,1.00,4309,4,1.00,4315,972,147.02
2.50,1.00,4409,4,1.00,4416,994,149.29
2.52,1.00,4509,4,1.00,4516,1017,151.54
2.54,1.00,4609,4,1.00,4615,1039,153.78
2.56,1.00,4707,4,1.00,4714,1062,156.00
2.58,1.00,4805,4,1.00,4811,1084,158.21
2.60,1.00,4902,4,1.00,4908,1105,160.39
2.62,1.00,4998,4,1.00,5004,1127,162.56
2.64,1.00,5093,4,1.00,5099,1149,164.71
2.66,1.00,5187,4,1.00,5194,1170,166.84
2.68,1.00,5281,4,1.00,5287,1191,168.95
2.70,1.00,5373,4,1.00,5379,1212,171.03
2.72,1.00,5464,4,1.00,5470,1232,173.09
2.74,1.00,5554,4,1.00,5560,1253,175.13
2.76,1.00,5644,4,1.00,5650,1273,177.14
2.78,1.00,5732,4,1.00,5738,1293,179.14
2.80,1.00,5820,4,1.00,5826,1312,181.11
2.82,1.00,5906,4,1.00,5912,1332,183.07
2.84,1.00,5992,4,1.00,5998,1351,185.00
2.86,1.00,6076,4,1.00,6081,1370,186.90
2.88,1.00,6157,4,1.00,6163,1389,188.74
2.90,1.00,6236,4,1.00,6242,1406,190.52
2.92,1.00,6313,4,1.00,6318,1424,192.26
2.94,1.00,6387,4,1.00,6392,1440,193.93
2.96,1.00,6459,4,1.00,6464,1457,195.56
2.98,1.00,6529,4,1.00,6534,1472,197.13
3.00,1.00,6597,4,1.00,6601,1488,198.66
3.02,1.00,6662,4,1.00,6666,1502,200.14
3.04,1.00,6726,4,1.00,6730,1517,201.58
3.06,1.00,6787,4,1.00,6791,1531,202.97
3.08,1.00,6847,4,1.00,6851,1544,204.32
3.10,1.00,6905,4,1.00,6909,1557,205.63
3.12,1.00,6961,4,1.00,6965,1570,206.89
3.14,1.00,7015,4,1.00,7019,1582,208.12
3.16,1.00,7068,4,1.00,7071,1594,209.31
3.18,1.00,7119,4,1.00,7122,1605,210.46
3.20,1.00,7162,4,1.00,7164,1615,211.45
3.22,1.00,7196,4,1.00,7198,1623,212.24
3.24,1.00,7219,4,1.00,7220,1628,212.78
3.26,1.00,7227,4,1.00,7227,1630,212.97
3.28,1.00,7213,4,1.00,7210,1627,212.71
3.30,1.00,7152,4,1.00,7148,1613,211.39
3.32,1.00,7090,4,1.00,7087,1599,209.96
3.34,1.00,7072,4,1.00,7072,1595,209.48
3.36,1.00,7081,4,1.00,7082,1597,209.64
3.38,1.00,7108,4,1.00,7110,1603,210.24
3.40,1.00,7135,4,1.00,7136,1609,210.87
3.42,1.00,7148,4,1.00,7148,1612,211.19
3.44,1.00,7141,4,1.00,7140,1610,211.07
3.46,1.00,7091,4,1.00,7088,1599,209.99
3.48,1.00,7073,4,1.00,7073,1595,209.52
3.50,1.00,7082,4,1.00,7084,1597,209.68
3.52,1.00,7109,4,1.00,7111,1603,210.27
3.54,1.00,7134,4,1.00,7136,1609,210.86
3.56,1.00,7144,4,1.00,7144,1611,211.11
3.58,1.00,7133,4,1.00,7131,1609,210.91
3.60,1.00,7081,4,1.00,7079,1597,209.74
3.62,1.00,7071,4,1.00,7072,1595,209.47
3.64,1.00,7085,4,1.00,7087,1598,209.74
3.66,1.00,7113,4,1.00,7115,1604,210.37
3.68,1.00,7138,4,1.00,7139,1610,210.95
3.70,1.00,7148,4,1.00,7148,1612,211.19
3.72,1.00,7136,4,1.00,7133,1609,210.97
3.74,1.00,7083,4,1.00,7081,1597,209.78
3.76,1.00,7073,4,1.00,7073,1595,209.50
3.78,1.00,7086,4,1.00,7088,1598,209.77
3.80,1.00,7114,4,1.00,7116,1604,210.40
3.82,1.00,7137,4,1.00,7138,1610,210.93
3.84,1.00,7144,4,1.00,7144,1611,211.11
3.86,1.00,7125,4,1.00,7121,1607,210.74
3.88,1.00,7076,4,1.00,7075,1596,209.61
3.90,1.00,7072,4,1.00,7072,1595,209.47
3.92,1.00,7090,4,1.00,7091,1599,209.84
3.94,1.00,7119,4,1.00,7121,1605,210.49
3.96,1.00,7141,4,1.00,7142,1610,211.02
3.98,1.00,7147,4,1.00,7147,1612,211.18
4.00,1.00,7127,4,1.00,7123,1607,210.79
4.02,1.00,7078,4,1.00,7077,1596,209.64
4.04,1.00,7073,4,1.00,7074,1595,209.51
4.06,1.00,7091,4,1.00,7093,1599,209.88
4.08,1.00,7120,4,1.00,7121,1606,210.52
4.10,1.00,7140,4,1.00,7140,1610,210.99
4.12,1.00,7142,4,1.00,7142,1611,211.08
4.14,1.00,7113,4,1.00,7108,1604,210.50
4.16,1.00,7077,4,1.00,7076,1596,209.61
4.18,1.00,7078,4,1.00,7079,1596,209.60
4.20,1.00,7101,4,1.00,7103,1601,210.09
4.22,1.00,7128,4,1.00,7129,1607,210.70
4.24,1.00,7141,4,1.00,7141,1610,211.04
4.26,1.00,7135,4,1.00,7134,1609,210.93
4.28,1.00,7087,4,1.00,7085,1598,209.90
4.30,1.00,7072,4,1.00,7072,1595,209.49
4.32,1.00,7083,4,1.00,7084,1597,209.69
4.34,1.00,7110,4,1.00,7112,1603,210.30
4.36,1.00,7135,4,1.00,7136,1609,210.87
4.38,1.00,7144,4,1.00,7144,1611,211.10
4.40,1.00,7130,4,1.00,7127,1608,210.85
4.42,1.00,7081,4,1.00,7080,1597,209.73
4.44,1.00,7075,4,1.00,7076,1596,209.55
4.46,1.00,7092,4,1.00,7093,1599,209.89
4.48,1.00,7120,4,1.00,7121,1606,210.52
4.50,1.00,7139,4,1.00,7139,1610,210.97
4.52,1.00,7140,4,1.00,7139,1610,211.03
4.54,1.00,7106,4,1.00,7102,1603,210.35
4.56,1.00,7074,4,1.00,7073,1595,209.54
4.58,1.00,7076,4,1.00,7077,1596,209.57
4.60,1.00,7100,4,1.00,7102,1601,210.08
4.62,1.00,7128,4,1.00,7129,1607,210.71
4.64,1.00,7143,4,1.00,7143,1611,211.07
4.66,1.00,7138,4,1.00,7137,1610,211.00
4.68,1.00,7093,4,1.00,7090,1600,210.03
4.70,1.00,7075,4,1.00,7075,1595,209.55
4.72,1.00,7084,4,1.00,7085,1597,209.71
4.74,1.00,7110,4,1.00,7112,1604,210.31
4.76,1.00,7134,4,1.00,7135,1609,210.86
4.78,1.00,7142,4,1.00,7142,1611,211.06
4.80,1.00,7125,4,1.00,7122,1607,210.75
4.82,1.00,7078,4,1.00,7077,1596,209.65
4.84,1.00,7073,4,1.00,7074,1595,209.51
4.86,1.00,7091,4,1.00,7093,1599,209.88
4.88,1.00,7120,4,1.00,7121,1606,210.52
4.90,1.00,7140,4,1.00,7141,1610,211.00
4.92,1.00,7142,4,1.00,7142,1611,211.08
4.94,1.00,7113,4,1.00,7108,1604,210.50
4.96,1.00,7077,4,1.00,7076,1596,209.61
4.98,1.00,7078,4,1.00,7079,1596,209.60
5.00,1.00,7101,4,1.00,7103,1601,210.09
5.02,1.00,7128,4,1.00,7129,1607,210.71
5.04,1.00,7141,4,1.00,7141,1610,211.04
5.06,1.00,7135,4,1.00,7134,1609,210.94
5.08,1.00,7087,4,1.00,7085,1598,209.90
5.10,1.00,7072,4,1.00,7072,1595,209.50
5.12,1.00,7083,4,1.00,7085,1597,209.69
5.14,1.00,7110,4,1.00,7112,1603,210.30
5.16,1.00,7135,4,1.00,7136,1609,210.88
5.18,1.00,7144,4,1.00,7144,1611,211.10
5.20,1.00,7130,4,1.00,7128,1608,210.85
5.22,1.00,7082,4,1.00,7080,1597,209.73
5.24,1.00,7075,4,1.00,7076,1596,209.55
5.26,1.00,7092,4,1.00,7094,1599,209.89
5.28,1.00,7120,4,1.00,7121,1606,210.52
5.30,1.00,7139,4,1.00,7139,1610,210.97
5.32,1.00,7140,4,1.00,7139,1610,211.03
5.34,1.00,7106,4,1.00,7102,1603,210.35
5.36,1.00,7074,4,1.00,7073,1595,209.54
5.38,1.00,7076,4,1.00,7077,1596,209.57
5.40,1.00,7100,4,1.00,7102,1601,210.08
5.42,1.00,7128,4,1.00,7130,1607,210.71
5.44,1.00,7143,4,1.00,7143,1611,211.07
5.46,1.00,7138,4,1.00,7137,1610,211.01
5.48,1.00,7092,4,1.00,7088,1599,210.02
5.50,1.00,7071,4,1.00,7071,1595,209.46
5.52,1.00,7078,4,1.00,7079,1596,209.58
5.54,1.00,7104,4,1.00,7107,1602,210.17
5.56,1.00,7132,4,1.00,7134,1608,210.81
5.58,1.00,7146,4,1.00,7147,1612,211.15
5.60,1.00,7141,4,1.00,7140,1610,211.07
5.62,1.00,7094,4,1.00,7090,1600,210.06
5.64,1.00,7072,4,1.00,7072,1595,209.50
5.66,1.00,7079,4,1.00,7081,1597,209.62
5.68,1.00,7106,4,1.00,7108,1603,210.21
5.70,1.00,7132,4,1.00,7133,1608,210.81
5.72,1.00,7143,4,1.00,7143,1611,211.09
5.74,1.00,7134,4,1.00,7132,1609,210.92
5.76,1.00,7085,4,1.00,7083,1598,209.82
5.78,1.00,7075,4,1.00,7075,1595,209.54
5.80,1.00,7088,4,1.00,7090,1598,209.81
5.82,1.00,7116,4,1.00,7118,1605,210.43
5.84,1.00,7137,4,1.00,7138,1609,210.93
5.86,1.00,7141,4,1.00,7140,1610,211.04
5.88,1.00,7114,4,1.00,7110,1604,210.53
5.90,1.00,7075,4,1.00,7074,1596,209.57
5.92,1.00,7075,4,1.00,7075,1595,209.53
5.94,1.00,7096,4,1.00,7098,1600,209.99
5.96,1.00,7125,4,1.00,7126,1607,210.63
5.98,1.00,7142,4,1.00,7142,1611,211.04
6.00,1.00,7140,4,1.00,7139,1610,211.04
6.02,1.00,7100,4,1.00,7096,1601,210.21
6.04,1.00,7075,4,1.00,7075,1596,209.56
6.06,1.00,7080,4,1.00,7082,1597,209.65
6.08,1.00,7106,4,1.00,7108,1603,210.21
6.10,1.00,7132,4,1.00,7133,1608,210.80
6.12,1.00,7142,4,1.00,7142,1611,211.05
6.14,1.00,7130,4,1.00,7128,1608,210.84
6.16,1.00,7080,4,1.00,7079,1597,209.72
6.18,1.00,7073,4,1.00,7073,1595,209.49
6.20,1.00,7088,4,1.00,7089,1598,209.80
6.22,1.00,7116,4,1.00,7118,1605,210.43
6.24,1.00,7138,4,1.00,7139,1610,210.95
6.26,1.00,7143,4,1.00,7143,1611,211.09
6.28,1.00,7121,4,1.00,7117,1606,210.66
6.30,1.00,7078,4,1.00,7077,1596,209.64
6.32,1.00,7076,4,1.00,7077,1596,209.57
6.34,1.00,7097,4,1.00,7099,1600,210.00
6.36,1.00,7124,4,1.00,7126,1607,210.63
6.38,1.00,7140,4,1.00,7141,1610,211.01
6.40,1.00,7137,4,1.00,7136,1610,210.98
6.42,1.00,7094,4,1.00,7090,1600,210.06
6.44,1.00,7073,4,1.00,7072,1595,209.50
6.46,1.00,7080,4,1.00,7081,1597,209.62
6.48,1.00,7106,4,1.00,7108,1603,210.21
6.50,1.00,7132,4,1.00,7134,1608,210.81
6.52,1.00,7143,4,1.00,7144,1611,211.09
6.54,1.00,7134,4,1.00,7132,1609,210.93
6.56,1.00,7085,4,1.00,7083,1598,209.82
6.58,1.00,7075,4,1.00,7075,1595,209.54
6.60,1.00,7088,4,1.00,7090,1599,209.81
6.62,1.00,7116,4,1.00,7118,1605,210.43
6.64,1.00,7137,4,1.00,7138,1610,210.93
6.66,1.00,7141,4,1.00,7140,1610,211.04
6.68,1.00,7115,4,1.00,7110,1604,210.53
6.70,1.00,7075,4,1.00,7074,1596,209.57
6.72,1.00,7075,4,1.00,7076,1595,209.54
6.74,1.00,7097,4,1.00,7098,1600,210.00
6.76,1.00,7125,4,1.00,7126,1607,210.64
6.78,1.00,7142,4,1.00,7142,1611,211.04
6.80,1.00,7140,4,1.00,7139,1610,211.04
6.82,1.00,7100,4,1.00,7096,1601,210.21
6.84,1.00,7075,4,1.00,7075,1596,209.56
6.86,1.00,7080,4,1.00,7082,1597,209.65
6.88,1.00,7106,4,1.00,7108,1603,210.22
6.90,1.00,7132,4,1.00,7133,1608,210.80
6.92,1.00,7142,4,1.00,7142,1611,211.05
6.94,1.00,7130,4,1.00,7128,1608,210.85
6.96,1.00,7081,4,1.00,7079,1597,209.72
6.98,1.00,7073,4,1.00,7073,1595,209.50
7.00,1.00,7088,4,1.00,7089,1598,209.80
7.02,1.00,7116,4,1.00,7118,1605,210.43
7.04,1.00,7138,4,1.00,7139,1610,210.95
7.06,1.00,7143,4,1.00,7143,1611,211.10
7.08,1.00,7121,4,1.00,7117,1606,210.66
7.10,1.00,7078,4,1.00,7077,1596,209.65
7.12,1.00,7077,4,1.00,7077,1596,209.58
7.14,1.00,7097,4,1.00,7099,1600,210.01
7.16,1.00,7125,4,1.00,7126,1607,210.63
7.18,1.00,7140,4,1.00,7141,1610,211.02
7.20,1.00,7137,4,1.00,7136,1610,210.98
7.22,1.00,7094,4,1.00,7090,1600,210.06
7.24,1.00,7073,4,1.00,7072,1595,209.50
7.26,1.00,7080,4,1.00,7081,1597,209.62
7.28,1.00,7106,4,1.00,7108,1603,210.21
7.30,1.00,7132,4,1.00,7134,1608,210.81
7.32,1.00,7144,4,1.00,7144,1611,211.09
7.34,1.00,7134,4,1.00,7133,1609,210.93
7.36,1.00,7085,4,1.00,7083,1598,209.82
7.38,1.00,7075,4,1.00,7075,1595,209.55
7.40,1.00,7088,4,1.00,7090,1599,209.82
7.42,1.00,7116,4,1.00,7118,1605,210.44
7.44,1.00,7137,4,1.00,7138,1610,210.93
7.46,1.00,7141,4,1.00,7140,1610,211.05
7.48,1.00,7115,4,1.00,7110,1604,210.53
7.50,1.00,7075,4,1.00,7074,1596,209.57
7.52,1.00,7075,4,1.00,7076,1596,209.54
7.54,1.00,7097,4,1.00,7099,1600,210.00
7.56,1.00,7125,4,1.00,7126,1607,210.64
7.58,1.00,7142,4,1.00,7142,1611,211.05
7.60,1.00,7140,4,1.00,7139,1610,211.04
7.62,1.00,7100,4,1.00,7096,1601,210.21
7.64,1.00,7075,4,1.00,7075,1596,209.57
7.66,1.00,7080,4,1.00,7082,1597,209.65
7.68,1.00,7107,4,1.00,7108,1603,210.22
7.70,1.00,7132,4,1.00,7133,1608,210.80
7.72,1.00,7142,4,1.00,7142,1611,211.06
7.74,1.00,7130,4,1.00,7128,1608,210.85
7.76,1.00,7081,4,1.00,7079,1597,209.72
7.78,1.00,7073,4,1.00,7073,1595,209.50
7.80,1.00,7088,4,1.00,7090,1598,209.80
7.82,1.00,7116,4,1.00,7118,1605,210.44
7.84,1.00,7138,4,1.00,7139,1610,210.95
7.86,1.00,7143,4,1.00,7143,1611,211.10
7.88,1.00,7121,4,1.00,7117,1606,210.67
7.90,1.00,7078,4,1.00,7078,1596,209.65
7.92,1.00,7077,4,1.00,7077,1596,209.58
7.94,1.00,7097,4,1.00,7099,1600,210.01
7.96,1.00,7125,4,1.00,7126,1607,210.63
7.98,1.00,7140,4,1.00,7141,1610,211.02
8.00,1.00,7137,4,1.00,7136,1610,210.98
8.02,1.00,7094,4,1.00,7090,1600,210.06
