Time_s,TestPhase,Distance_m,PosX,PosY,PosZ,Speed_Kmh,Accel_Long_G,Accel_Lat_G,Raw_Steer,Raw_Throttle,Raw_Brake,Clutch,Gear,RPM,Torque_Nm,Boost_Bar,Pitch,Roll,YawRate,Aero_DownN,Aero_DragN,FL_Load_N,FL_Travel_m,FL_DamperVel_ms,FL_Slip,FL_SlipDelta,FL_SlipAng_deg,FL_LatDelta,FL_WheelRPM,FL_LongForce_N,FL_LatForce_N,FL_ActBrakeTrq_Nm,FL_ABS_Active,FR_Load_N,FR_Travel_m,FR_DamperVel_ms,FR_Slip,FR_SlipDelta,FR_SlipAng_deg,FR_LatDelta,FR_WheelRPM,FR_LongForce_N,FR_LatForce_N,FR_ActBrakeTrq_Nm,FR_ABS_Active,RL_Load_N,RL_Travel_m,RL_DamperVel_ms,RL_Slip,RL_SlipDelta,RL_SlipAng_deg,RL_LatDelta,RL_WheelRPM,RL_LongForce_N,RL_LatForce_N,RL_ActBrakeTrq_Nm,RL_ABS_Active,RR_Load_N,RR_Travel_m,RR_DamperVel_ms,RR_Slip,RR_SlipDelta,RR_SlipAng_deg,RR_LatDelta,RR_WheelRPM,RR_LongForce_N,RR_LatForce_N,RR_ActBrakeTrq_Nm,RR_ABS_Active
35.04,2,1913.5,485.64,-0.1,2690.57,250.8,0.01,0.0,0.0,0.0,1.0,1.0,5,7692,305.8,2.0,-0.54,0.0,-0.03,1307,1871,5279,0.0763,-0.001,-0.002,-0.098,-0.11,-5.92,2076,-153,-103,0,0,5284,0.0764,0.001,-0.002,-0.098,0.04,-5.99,2076,-126,75,0,0,5044,0.0996,-0.001,0.012,-0.088,0.19,-5.84,2105,1246,232,0,0,5049,0.0997,0.0,0.014,-0.086,-0.14,-5.89,2104,1337,-136,0,0
35.06,2,1914.9,485.64,-0.1,2691.96,249.8,-1.42,0.0,0.0,0.0,0.39,1.0,5,7194,218.5,1.83,-0.47,0.0,-0.07,1348,1854,5784,0.0769,0.029,-0.16,0.06,-0.1,-5.93,1744,-5804,-56,1482,1,5765,0.0769,0.027,-0.161,0.061,0.05,-5.98,1743,-5787,32,1482,1,4541,0.099,-0.032,-0.054,-0.046,0.23,-5.8,1951,-3496,192,2660,0,4523,0.099,-0.034,-0.054,-0.046,-0.15,-5.88,1951,-3502,-150,2660,0
35.08,2,1916.2,485.64,-0.1,2693.34,248.5,-1.82,0.01,0.0,0.0,1.0,1.0,5,7161,-91.8,1.42,-0.36,0.0,-0.02,1407,1833,6181,0.0794,0.126,-0.13,0.03,-0.06,-5.98,1791,-6099,-28,1927,0,6213,0.0794,0.124,-0.131,0.031,0.06,-5.97,1790,-6130,81,1927,0,4153,0.096,-0.148,-0.049,-0.051,0.18,-5.85,1952,-3022,143,1038,0,4180,0.096,-0.149,-0.049,-0.051,-0.23,-5.8,1953,-3033,-157,1038,0
35.1,2,1917.6,485.64,-0.1,2694.71,247.1,-2.04,0.0,0.0,0.0,0.82,1.0,5,6536,-69.9,1.02,-0.21,0.0,0.02,1483,1810,6655,0.0826,0.158,-0.148,0.048,-0.12,-5.92,1709,-6569,-67,4940,0,6635,0.0826,0.16,-0.148,0.048,0.05,-5.98,1708,-6553,45,4940,0,3830,0.0927,-0.165,-0.127,0.027,0.17,-5.86,1784,-3907,82,2660,0,3815,0.0928,-0.163,-0.127,0.027,-0.2,-5.83,1784,-3892,-95,2660,0
35.12,2,1919.0,485.64,-0.1,2696.08,245.6,-2.12,0.0,0.0,0.0,0.77,1.0,5,6274,-67.4,0.75,-0.05,0.0,0.0,1569,1787,6960,0.0863,0.186,-0.153,0.053,-0.13,-5.9,1735,-6841,-80,1215,1,6948,0.0863,0.182,-0.153,0.053,0.1,-5.93,1734,-6831,54,1215,1,3568,0.089,-0.188,-0.159,0.059,0.15,-5.88,1733,-3705,63,654,1,3557,0.0889,-0.192,-0.157,0.057,-0.09,-5.94,1733,-3694,-62,654,1
35.14,2,1920.3,485.64,-0.1,2697.43,244.1,-2.11,0.0,0.0,0.0,0.8,1.0,5,6238,-67.2,0.57,0.11,0.0,-0.05,1654,1765,7128,0.09,0.184,-0.152,0.052,-0.13,-5.9,1728,-6986,-67,1142,1,7112,0.0899,0.181,-0.153,0.053,0.05,-5.98,1726,-6973,62,1142,1,3388,0.0851,-0.192,-0.158,0.058,0.14,-5.89,1724,-3529,56,615,1,3376,0.085,-0.195,-0.158,0.058,-0.19,-5.84,1724,-3516,-65,615,1
35.16,2,1921.7,485.64,-0.1,2698.78,242.6,-2.1,0.0,0.0,0.0,0.8,1.0,5,6195,-66.5,0.45,0.26,0.0,-0.12,1734,1743,7230,0.0934,0.171,-0.156,0.056,-0.12,-5.91,1709,-7073,-71,1189,1,7214,0.0933,0.169,-0.158,0.058,0.06,-5.97,1706,-7060,68,1189,1,3273,0.0814,-0.184,-0.156,0.056,0.26,-5.78,1695,-3416,73,640,1,3260,0.0813,-0.186,-0.157,0.057,-0.2,-5.84,1695,-3404,-60,640,1
35.18,2,1923.0,485.64,-0.09,2700.11,241.1,-2.1,0.0,0.0,0.0,0.8,1.0,5,6175,-66.4,0.37,0.41,0.0,-0.05,1799,1722,7330,0.0966,0.158,-0.157,0.057,-0.01,-6.02,1695,-7159,-28,1190,1,7341,0.0965,0.16,-0.159,0.059,0.17,-5.86,1692,-7170,97,1190,1,3267,0.0781,-0.167,-0.154,0.054,0.14,-5.89,1689,-3409,48,641,1,3275,0.078,-0.164,-0.154,0.054,-0.19,-5.85,1689,-3417,-62,641,1
35.2,2,1924.3,485.64,-0.09,2701.44,239.6,-2.11,0.0,0.0,0.0,0.78,1.0,5,6111,-66.3,0.31,0.54,0.0,0.0,1859,1702,7405,0.0997,0.158,-0.154,0.054,-0.01,-6.02,1690,-7219,-46,1179,1,7414,0.0997,0.159,-0.156,0.056,0.17,-5.86,1687,-7228,103,1179,1,3262,0.0753,-0.138,-0.161,0.061,0.1,-5.93,1687,-3405,45,635,1,3269,0.0753,-0.138,-0.161,0.061,-0.2,-5.83,1687,-3412,-64,635,1
35.22,2,1925.7,485.64,-0.09,2702.77,238.1,-2.11,0.0,0.0,0.0,0.85,1.0,5,6107,-65.8,0.27,0.66,0.0,-0.01,1912,1682,7436,0.1025,0.14,-0.147,0.047,-0.1,-5.93,1662,-7242,-85,3855,0,7431,0.1024,0.14,-0.149,0.049,0.07,-5.97,1659,-7241,61,3855,0,3251,0.0728,-0.125,-0.154,0.054,0.1,-5.93,1671,-3394,44,623,1,3248,0.0728,-0.126,-0.154,0.054,-0.19,-5.84,1671,-3390,-61,623,1
35.24,2,1927.0,485.64,-0.09,2704.08,236.6,-2.11,0.0,0.0,0.0,0.72,1.0,5,5993,-65.5,0.25,0.76,0.01,-0.03,1951,1662,7395,0.1049,0.12,-0.156,0.056,-0.14,-5.89,1667,-7212,-100,1253,1,7374,0.1048,0.117,-0.158,0.058,0.07,-5.97,1664,-7197,61,1253,1,3306,0.0708,-0.105,-0.167,0.067,0.09,-5.94,1654,-3452,50,675,1,3286,0.0706,-0.107,-0.167,0.067,-0.19,-5.84,1654,-3432,-42,675,1
35.26,2,1928.3,485.65,-0.09,2705.39,235.1,-2.11,0.0,0.0,0.0,0.86,1.0,5,6041,-65.7,0.23,0.84,0.01,-0.05,1980,1642,7389,0.107,0.102,-0.146,0.046,-0.14,-5.89,1650,-7200,-100,3533,0,7373,0.1068,0.099,-0.147,0.047,0.11,-5.93,1645,-7189,71,3533,0,3325,0.069,-0.088,-0.154,0.054,0.09,-5.94,1671,-3463,44,571,1,3312,0.0688,-0.091,-0.152,0.052,-0.09,-5.95,1670,-3449,-46,571,1
35.28,2,1929.6,485.65,-0.09,2706.68,233.6,-2.12,0.0,0.0,0.0,0.81,1.0,5,5979,-64.9,0.22,0.92,0.01,0.02,1999,1622,7439,0.1088,0.091,-0.155,0.055,-0.12,-5.91,1648,-7256,-77,1275,1,7439,0.1087,0.094,-0.156,0.056,0.2,-5.83,1644,-7250,103,1275,1,3360,0.0676,-0.071,-0.154,0.054,0.16,-5.87,1635,-3502,44,687,1,3362,0.0675,-0.068,-0.154,0.054,-0.12,-5.91,1636,-3503,-53,687,1
35.3,2,1930.9,485.65,-0.09,2707.97,232.1,-2.12,0.0,0.0,0.0,0.78,1.0,5,5921,-64.9,0.22,0.99,0.01,0.04,2015,1603,7449,0.1106,0.092,-0.155,0.055,-0.15,-5.88,1639,-7258,-95,1201,1,7449,0.1105,0.092,-0.157,0.057,0.07,-5.96,1635,-7260,71,1201,1,3387,0.0664,-0.058,-0.16,0.06,0.17,-5.87,1636,-3529,49,647,1,3387,0.0663,-0.058,-0.16,0.06,-0.1,-5.94,1636,-3528,-49,647,1
35.32,2,1932.1,485.65,-0.09,2709.25,230.6,-2.12,0.0,0.0,0.0,0.79,1.0,5,5888,-64.7,0.21,1.04,0.01,-0.03,2026,1583,7387,0.1121,0.073,-0.145,0.045,-0.16,-5.87,1614,-7197,-102,3840,0,7384,0.112,0.073,-0.147,0.047,0.06,-5.97,1610,-7198,67,3840,0,3391,0.0654,-0.052,-0.16,0.06,0.08,-5.95,1628,-3532,39,620,1,3388,0.0653,-0.053,-0.16,0.06,-0.18,-5.85,1628,-3530,-52,620,1
35.34,2,1933.4,485.65,-0.09,2710.53,229.2,-2.1,0.0,0.0,0.0,0.76,1.0,5,5824,-64.2,0.21,1.09,0.01,-0.07,2030,1563,7323,0.1131,0.052,-0.158,0.058,-0.1,-5.93,1613,-7153,-86,1171,1,7312,0.113,0.052,-0.16,0.06,0.13,-5.9,1609,-7147,76,1171,1,3391,0.0645,-0.046,-0.163,0.063,0.11,-5.92,1610,-3534,48,630,1,3383,0.0643,-0.047,-0.163,0.063,-0.15,-5.88,1610,-3526,-40,630,1
35.36,2,1934.7,485.65,-0.09,2711.79,227.7,-2.1,0.0,0.0,0.0,0.81,1.0,5,5817,-64.2,0.2,1.12,0.0,-0.04,2023,1544,7221,0.1138,0.036,-0.147,0.047,-0.14,-5.89,1590,-7057,-65,3771,0,7278,0.1138,0.04,-0.147,0.047,0.18,-5.85,1588,-7108,93,3771,0,3422,0.0637,-0.039,-0.158,0.058,0.13,-5.91,1609,-3561,42,609,1,3470,0.0636,-0.035,-0.158,0.058,-0.14,-5.89,1609,-3609,-54,609,1
35.38,2,1935.9,485.65,-0.09,2713.05,226.2,-2.1,0.0,0.0,0.0,0.74,1.0,5,5741,-63.6,0.2,1.15,0.0,-0.03,2014,1524,7278,0.1145,0.032,-0.149,0.049,-0.13,-5.9,1573,-7110,-95,4008,0,7283,0.1145,0.037,-0.15,0.05,0.1,-5.93,1607,-7116,76,1203,1,3451,0.0631,-0.028,-0.165,0.065,0.07,-5.96,1587,-3594,42,648,1,3455,0.0632,-0.023,-0.165,0.065,-0.18,-5.85,1587,-3598,-48,648,1
35.4,2,1937.2,485.65,-0.09,2714.29,224.7,-2.09,0.0,0.0,0.0,0.84,1.0,5,5769,-63.8,0.2,1.17,0.0,-0.03,2002,1505,7210,0.1151,0.029,-0.151,0.051,-0.15,-5.88,1596,-7056,-96,1099,1,7222,0.1151,0.028,-0.151,0.051,0.08,-5.95,1597,-7065,72,1099,1,3484,0.0627,-0.022,-0.155,0.055,0.09,-5.94,1596,-3620,44,592,1,3495,0.0627,-0.022,-0.153,0.053,-0.01,-6.02,1596,-3630,-38,592,1
35.42,2,1938.4,485.65,-0.09,2715.53,223.2,-2.09,0.0,0.0,0.0,0.82,1.0,5,5715,-63.1,0.2,1.19,0.0,-0.07,1989,1486,7204,0.1155,0.021,-0.145,0.045,-0.15,-5.88,1557,-7043,-90,4169,0,7221,0.1155,0.021,-0.145,0.045,0.08,-5.95,1559,-7057,70,4169,0,3450,0.0623,-0.021,-0.155,0.055,0.16,-5.87,1564,-3590,46,673,1,3462,0.0623,-0.021,-0.155,0.055,-0.08,-5.95,1564,-3602,-49,673,1
35.44,2,1939.7,485.65,-0.09,2716.77,221.8,-2.08,0.0,0.0,0.0,0.77,1.0,5,5662,-63.1,0.2,1.21,0.0,-0.1,1975,1466,7156,0.1158,0.016,-0.154,0.054,-0.11,-5.92,1567,-7011,-56,1215,1,7170,0.1158,0.016,-0.153,0.053,0.11,-5.92,1569,-7021,111,1215,1,3443,0.0618,-0.024,-0.16,0.06,0.09,-5.94,1565,-3583,53,654,1,3455,0.0618,-0.024,-0.16,0.06,-0.15,-5.89,1565,-3595,-47,654,1
35.46,2,1940.9,485.66,-0.09,2717.99,220.3,-2.07,0.0,0.0,0.0,0.79,1.0,5,5627,-62.8,0.2,1.22,0.0,-0.08,1955,1447,7122,0.1159,0.005,-0.15,0.05,-0.14,-5.89,1532,-6977,-82,3825,0,7137,0.116,0.007,-0.149,0.049,0.09,-5.94,1533,-6989,70,3825,0,3479,0.0614,-0.018,-0.16,0.06,0.06,-5.97,1557,-3619,26,618,1,3492,0.0615,-0.017,-0.16,0.06,-0.19,-5.85,1557,-3631,-64,618,1
35.48,2,1942.1,485.66,-0.09,2719.21,218.8,-2.08,0.0,0.0,0.0,0.78,1.0,5,5580,-62.5,0.2,1.23,0.0,-0.06,1933,1428,7177,0.1161,0.009,-0.15,0.05,-0.15,-5.88,1555,-7024,-100,1175,1,7168,0.1162,0.01,-0.149,0.049,0.09,-5.94,1522,-7016,69,3918,0,3503,0.0612,-0.011,-0.16,0.06,0.08,-5.95,1544,-3643,30,633,1,3494,0.0613,-0.01,-0.161,0.061,-0.17,-5.86,1544,-3634,-59,633,1
35.5,2,1943.3,485.66,-0.09,2720.41,217.4,-2.08,0.0,0.0,0.0,0.82,1.0,5,5568,-62.4,0.2,1.24,0.0,-0.08,1913,1409,7184,0.1164,0.014,-0.145,0.045,-0.13,-5.9,1520,-7023,-98,3841,0,7175,0.1164,0.01,-0.145,0.045,0.1,-5.93,1520,-7014,82,3841,0,3500,0.061,-0.01,-0.157,0.057,0.09,-5.94,1541,-3637,39,620,1,3492,0.061,-0.014,-0.157,0.057,-0.14,-5.89,1540,-3629,-54,620,1
35.52,2,1944.5,485.66,-0.09,2721.61,215.9,-2.07,0.0,0.0,0.0,0.75,1.0,5,5491,-61.9,0.2,1.25,0.0,-0.1,1895,1391,7152,0.1166,0.01,-0.15,0.05,-0.03,-6.0,1494,-7004,-60,4033,0,7143,0.1165,0.008,-0.152,0.052,0.09,-5.94,1530,-6997,84,1210,1,3473,0.0608,-0.012,-0.163,0.063,0.05,-5.98,1519,-3615,35,652,1,3466,0.0607,-0.014,-0.164,0.064,-0.19,-5.84,1518,-3608,-50,652,1
35.54,2,1945.7,485.66,-0.09,2722.8,214.4,-2.07,0.0,0.0,0.0,0.8,1.0,5,5506,-61.9,0.2,1.26,0.0,-0.09,1874,1372,7119,0.1167,0.004,-0.16,0.06,-0.11,-5.92,1507,-6981,-72,1113,1,7124,0.1166,0.004,-0.159,0.059,0.14,-5.89,1509,-6982,103,1113,1,3470,0.0604,-0.016,-0.155,0.055,0.05,-5.98,1524,-3607,22,599,1,3475,0.0604,-0.017,-0.154,0.054,-0.15,-5.88,1524,-3610,-65,599,1
35.56,2,1946.9,485.66,-0.09,2723.99,213.0,-2.06,0.0,0.0,0.0,0.78,1.0,5,5453,-61.6,0.2,1.26,0.0,-0.05,1850,1354,7099,0.1166,-0.004,-0.143,0.043,-0.14,-5.89,1491,-6950,-97,3933,0,7124,0.1166,-0.003,-0.162,0.062,0.09,-5.94,1494,-6985,77,1180,1,3483,0.0602,-0.01,-0.158,0.058,0.05,-5.98,1509,-3621,26,635,1,3506,0.0602,-0.008,-0.158,0.058,-0.19,-5.84,1509,-3643,-64,635,1
35.58,2,1948.1,485.66,-0.09,2725.16,211.5,-2.06,-0.01,0.0,0.0,0.79,1.0,5,5421,-61.4,0.2,1.27,0.0,-0.05,1829,1335,7120,0.1165,-0.001,-0.16,0.06,-0.13,-5.9,1487,-6979,-98,1149,1,7135,0.1166,0.004,-0.158,0.058,0.13,-5.9,1491,-6991,74,1149,1,3464,0.06,-0.012,-0.155,0.055,0.12,-5.91,1500,-3601,36,619,1,3476,0.0601,-0.008,-0.156,0.056,-0.15,-5.88,1500,-3613,-55,619,1
35.6,2,1949.2,485.66,-0.09,2726.33,210.1,-2.06,0.0,0.0,0.0,0.79,1.0,5,5367,-61.0,0.2,1.28,0.0,-0.02,1807,1317,7111,0.1166,0.002,-0.142,0.042,-0.14,-5.89,1473,-6959,-99,3920,0,7142,0.1167,0.004,-0.159,0.059,0.09,-5.94,1478,-6998,76,1176,1,3450,0.0597,-0.014,-0.16,0.06,0.05,-5.98,1485,-3590,28,633,1,3477,0.0598,-0.012,-0.16,0.06,-0.19,-5.84,1485,-3616,-67,633,1
35.62,2,1950.4,485.66,-0.09,2727.49,208.6,-2.05,0.0,0.0,0.0,0.77,1.0,5,5312,-60.6,0.2,1.28,0.0,-0.02,1787,1299,7106,0.1166,-0.001,-0.144,0.044,-0.15,-5.88,1459,-6958,-103,3906,0,7113,0.1167,0.001,-0.16,0.06,0.09,-5.94,1466,-6974,76,1172,1,3449,0.0594,-0.014,-0.163,0.063,0.07,-5.96,1470,-3591,33,631,1,3454,0.0596,-0.012,-0.161,0.061,0.0,-6.03,1470,-3595,-36,631,1
35.64,2,1951.5,485.66,-0.09,2728.64,207.2,-2.05,0.0,0.0,0.0,0.81,1.0,5,5303,-60.5,0.2,1.29,0.0,-0.03,1764,1281,7076,0.1165,-0.003,-0.157,0.057,-0.11,-5.92,1460,-6939,-79,1134,1,7071,0.1166,-0.005,-0.153,0.053,0.1,-5.93,1467,-6930,95,1134,1,3465,0.0591,-0.014,-0.157,0.057,0.07,-5.97,1468,-3604,27,611,1,3459,0.0592,-0.017,-0.158,0.058,-0.16,-5.87,1468,-3597,-63,611,1
35.66,2,1952.7,485.66,-0.09,2729.78,205.7,-2.04,0.0,0.0,0.0,0.75,1.0,5,5229,-60.0,0.2,1.29,-0.01,0.04,1739,1263,7027,0.1164,-0.007,-0.147,0.047,-0.12,-5.91,1432,-6894,-59,4009,0,7076,0.1164,-0.008,-0.141,0.041,0.13,-5.9,1439,-6928,86,4009,0,3461,0.059,-0.006,-0.163,0.063,0.1,-5.93,1447,-3603,29,648,1,3505,0.0591,-0.006,-0.163,0.063,-0.15,-5.88,1447,-3646,-59,648,1
35.68,2,1953.8,485.66,-0.09,2730.92,204.3,-2.05,0.0,0.0,0.0,0.81,1.0,5,5242,-60.1,0.2,1.29,-0.01,0.09,1714,1246,7090,0.1162,-0.009,-0.159,0.059,-0.15,-5.88,1438,-6953,-107,1118,1,7116,0.1165,0.001,-0.154,0.054,0.09,-5.94,1447,-6971,59,1118,1,3477,0.0588,-0.009,-0.154,0.054,0.15,-5.88,1452,-3612,45,602,1,3498,0.0591,0.0,-0.154,0.054,-0.11,-5.92,1452,-3633,-48,602,1
35.7,2,1954.9,485.67,-0.09,2732.04,202.8,-2.05,-0.01,0.0,0.0,0.77,1.0,5,5172,-59.6,0.2,1.3,-0.01,0.1,1692,1228,7157,0.1164,0.009,-0.144,0.044,-0.14,-5.89,1416,-7002,-100,3995,0,7140,0.1166,0.005,-0.16,0.06,0.08,-5.95,1425,-6997,62,1199,1,3483,0.0587,-0.005,-0.162,0.062,0.07,-5.96,1431,-3623,23,645,1,3469,0.0589,-0.009,-0.162,0.062,-0.16,-5.87,1431,-3609,-62,645,1
35.72,2,1956.1,485.67,-0.09,2733.16,201.4,-2.05,-0.01,0.0,0.0,0.78,1.0,5,5136,-59.3,0.2,1.31,0.0,0.01,1675,1211,7157,0.1165,0.009,-0.16,0.06,-0.17,-5.86,1416,-7011,-119,1142,1,7145,0.1166,0.004,-0.155,0.055,0.05,-5.98,1425,-6997,43,1142,1,3428,0.0585,-0.012,-0.161,0.061,0.11,-5.92,1422,-3569,37,615,1,3417,0.0586,-0.017,-0.161,0.061,-0.1,-5.93,1422,-3558,-41,615,1
35.74,2,1957.2,485.67,-0.09,2734.27,199.9,-2.04,0.0,0.0,0.0,0.77,1.0,5,5080,-58.9,0.2,1.31,0.0,-0.05,1655,1194,7110,0.1166,0.004,-0.158,0.058,-0.08,-5.95,1408,-6969,-78,1163,1,7114,0.1167,0.002,-0.153,0.053,0.19,-5.84,1416,-6974,100,1163,1,3417,0.0581,-0.019,-0.162,0.062,0.19,-5.84,1406,-3559,51,626,1,3421,0.0582,-0.021,-0.162,0.062,-0.08,-5.96,1406,-3563,-37,626,1
35.76,2,1958.3,485.67,-0.09,2735.38,198.5,-2.03,0.0,0.0,0.0,0.79,1.0,5,5065,-58.8,0.2,1.31,0.0,-0.06,1632,1177,7048,0.1164,-0.011,-0.155,0.055,-0.12,-5.91,1405,-6912,-79,1143,1,7036,0.1165,-0.01,-0.15,0.05,0.08,-5.95,1412,-6903,83,1143,1,3461,0.058,-0.008,-0.161,0.061,0.05,-5.98,1403,-3601,27,616,1,3450,0.058,-0.008,-0.16,0.06,-0.1,-5.94,1403,-3590,-51,616,1
35.78,2,1959.4,485.67,-0.09,2736.47,197.1,-2.03,0.0,0.0,0.0,0.76,1.0,5,5015,-58.5,0.2,1.31,0.0,0.01,1608,1160,7082,0.1162,-0.01,-0.157,0.057,-0.15,-5.88,1391,-6943,-88,1166,1,7094,0.1163,-0.01,-0.152,0.052,0.09,-5.94,1399,-6955,74,1166,1,3455,0.0578,-0.007,-0.163,0.063,0.07,-5.96,1389,-3596,31,628,1,3464,0.0579,-0.006,-0.163,0.063,-0.16,-5.87,1389,-3605,-55,628,1
35.8,2,1960.5,485.67,-0.09,2737.56,195.6,-2.03,0.0,0.0,0.0,0.79,1.0,5,4992,-58.3,0.2,1.32,0.0,0.04,1586,1143,7107,0.1163,0.002,-0.149,0.049,-0.15,-5.88,1360,-6962,-98,3764,0,7126,0.1164,0.004,-0.143,0.043,0.09,-5.94,1370,-6977,69,3764,0,3440,0.0577,-0.009,-0.161,0.061,0.09,-5.95,1383,-3581,25,608,1,3456,0.0577,-0.007,-0.16,0.06,-0.13,-5.9,1383,-3596,-55,608,1
35.82,2,1961.5,485.67,-0.09,2738.64,194.2,-2.03,0.0,0.0,0.0,0.75,1.0,5,4935,-57.9,0.2,1.33,0.0,0.02,1567,1126,7118,0.1163,0.003,-0.149,0.049,-0.13,-5.9,1348,-6972,-106,3897,0,7121,0.1164,0.003,-0.143,0.043,0.12,-5.92,1358,-6971,70,3897,0,3412,0.0574,-0.013,-0.165,0.065,0.05,-5.98,1367,-3555,34,630,1,3416,0.0575,-0.013,-0.164,0.064,-0.18,-5.85,1367,-3559,-44,630,1
35.84,2,1962.6,485.67,-0.09,2739.71,192.8,-2.02,0.0,0.0,0.0,0.77,1.0,5,4904,-57.7,0.2,1.33,0.0,-0.03,1548,1110,7093,0.1163,0.0,-0.159,0.059,-0.17,-5.86,1359,-6955,-107,1113,1,7072,0.1164,-0.003,-0.153,0.053,0.07,-5.96,1368,-6931,73,1113,1,3397,0.0571,-0.016,-0.164,0.064,0.05,-5.98,1359,-3540,39,599,1,3380,0.0571,-0.018,-0.163,0.063,-0.16,-5.87,1359,-3523,-33,599,1
35.86,2,1963.7,485.67,-0.09,2740.77,191.4,-2.02,0.0,0.0,0.0,0.79,1.0,5,4885,-57.5,0.2,1.33,0.0,-0.07,1526,1094,7038,0.1162,-0.007,-0.153,0.053,-0.14,-5.89,1358,-6909,-78,1137,1,7043,0.1162,-0.009,-0.147,0.047,0.11,-5.92,1334,-6903,96,3790,0,3405,0.0568,-0.016,-0.16,0.06,0.05,-5.98,1353,-3546,25,612,1,3411,0.0567,-0.018,-0.161,0.061,-0.18,-5.85,1353,-3552,-59,612,1
35.88,2,1964.7,485.67,-0.09,2741.83,189.9,-2.01,0.0,0.0,0.0,0.74,1.0,5,4821,-57.1,0.2,1.33,0.0,-0.04,1503,1077,6959,0.1159,-0.016,-0.158,0.058,-0.13,-5.91,1339,-6839,-39,1174,1,6991,0.1159,-0.016,-0.151,0.051,0.09,-5.94,1350,-6865,88,1174,1,3424,0.0566,-0.006,-0.165,0.065,0.09,-5.94,1335,-3568,31,632,1,3450,0.0566,-0.006,-0.166,0.066,-0.18,-5.85,1335,-3593,-56,632,1
35.9,2,1965.8,485.67,-0.09,2742.87,188.5,-2.01,0.0,0.0,0.0,0.81,1.0,5,4839,-57.2,0.2,1.33,0.0,0.04,1479,1061,7035,0.1155,-0.019,-0.146,0.046,-0.11,-5.92,1316,-6896,-87,3662,0,7051,0.1157,-0.01,-0.159,0.059,0.14,-5.89,1329,-6918,79,1099,1,3422,0.0564,-0.011,-0.156,0.056,0.04,-5.99,1341,-3559,21,592,1,3435,0.0566,-0.002,-0.155,0.055,-0.15,-5.88,1341,-3571,-58,592,1
35.92,2,1966.8,485.67,-0.09,2743.91,187.1,-2.01,-0.01,0.0,0.0,0.73,1.0,5,4750,-56.6,0.2,1.34,0.0,0.05,1459,1046,7053,0.1155,0.001,-0.156,0.056,-0.17,-5.86,1321,-6916,-108,1206,1,7059,0.1157,-0.001,-0.147,0.047,0.06,-5.97,1299,-6919,62,4021,0,3403,0.0562,-0.01,-0.166,0.066,0.05,-5.98,1315,-3546,26,650,1,3406,0.0564,-0.012,-0.166,0.066,-0.16,-5.87,1315,-3549,-53,650,1
35.94,2,1967.8,485.68,-0.09,2744.94,185.7,-2.01,-0.01,0.0,0.0,0.8,1.0,5,4766,-56.7,0.2,1.34,0.0,0.01,1439,1030,7050,0.1155,-0.001,-0.16,0.06,-0.07,-5.96,1306,-6921,-89,1089,1,7050,0.1156,-0.002,-0.153,0.053,0.19,-5.84,1317,-6910,83,1089,1,3385,0.0559,-0.014,-0.155,0.055,0.2,-5.83,1321,-3522,38,586,1,3387,0.056,-0.016,-0.154,0.054,0.02,-6.01,1321,-3523,-26,586,1
35.96,2,1968.9,485.68,-0.09,2745.97,184.3,-2.0,0.0,0.0,0.0,0.74,1.0,5,4678,-56.1,0.2,1.35,0.0,-0.06,1420,1014,7027,0.1154,-0.005,-0.145,0.045,-0.14,-5.9,1283,-6893,-93,3967,0,7026,0.1154,-0.008,-0.162,0.062,0.09,-5.94,1293,-6900,74,1190,1,3351,0.0556,-0.018,-0.166,0.066,0.07,-5.96,1295,-3494,46,641,1,3350,0.0556,-0.02,-0.166,0.066,-0.18,-5.85,1295,-3494,-51,641,1
35.98,2,1969.9,485.68,-0.09,2746.98,182.9,-1.99,0.0,0.0,0.0,0.82,1.0,5,4682,-56.1,0.2,1.35,0.0,-0.06,1399,999,6986,0.1152,-0.01,-0.155,0.055,-0.13,-5.9,1295,-6857,-83,1094,1,7000,0.1153,-0.009,-0.148,0.048,0.12,-5.91,1273,-6869,84,3648,0,3374,0.0553,-0.017,-0.158,0.058,0.04,-5.99,1298,-3513,21,589,1,3386,0.0553,-0.016,-0.158,0.058,-0.18,-5.85,1298,-3524,-58,589,1
36.0,2,1970.9,485.68,-0.09,2747.99,181.4,-1.99,0.0,0.0,0.0,0.77,1.0,5,4638,-55.5,0.2,1.34,-0.01,0.0,1376,983,6932,0.1149,-0.016,-0.146,0.046,-0.06,-5.97,1258,-6813,-54,4042,0,6987,0.115,-0.014,-0.162,0.062,0.09,-5.95,1274,-6865,86,1213,1,3392,0.0552,-0.005,-0.157,0.057,0.04,-5.99,1269,-3535,18,653,1,3440,0.0553,-0.003,-0.157,0.057,-0.18,-5.85,1269,-3581,-57,653,1
36.02,2,1971.9,485.68,-0.09,2748.99,180.0,-2.0,0.0,0.0,0.0,0.78,1.0,5,4596,-55.5,0.2,1.35,-0.01,0.07,1354,968,7019,0.1147,-0.009,-0.146,0.046,-0.1,-5.93,1252,-6883,-95,3798,0,7037,0.1149,-0.003,-0.157,0.057,0.12,-5.91,1269,-6905,65,1139,1,3396,0.055,-0.008,-0.161,0.061,0.05,-5.98,1274,-3536,30,614,1,3410,0.0552,-0.002,-0.161,0.061,-0.16,-5.87,1274,-3551,-45,614,1
36.04,2,1972.9,485.68,-0.09,2749.98,178.6,-2.0,0.0,0.0,0.0,0.75,1.0,5,4538,-55.1,0.2,1.35,-0.01,0.11,1334,953,7094,0.1148,0.007,-0.147,0.047,-0.17,-5.86,1243,-6949,-108,3858,0,7104,0.1151,0.006,-0.157,0.057,0.08,-5.95,1260,-6961,65,1157,1,3387,0.0548,-0.01,-0.164,0.064,0.06,-5.97,1258,-3531,23,623,1,3394,0.055,-0.012,-0.165,0.065,-0.15,-5.88,1258,-3537,-49,623,1
36.06,2,1973.9,485.68,-0.09,2750.97,177.2,-2.0,0.0,0.0,0.0,0.81,1.0,5,4534,-55.1,0.2,1.36,-0.01,0.03,1318,938,7091,0.115,0.01,-0.156,0.056,-0.08,-5.95,1253,-6948,-100,1109,1,7073,0.1152,0.007,-0.144,0.044,0.06,-5.97,1238,-6927,54,3696,0,3358,0.0545,-0.013,-0.159,0.059,0.08,-5.95,1257,-3497,30,597,1,3341,0.0547,-0.015,-0.159,0.059,-0.14,-5.89,1257,-3481,-39,597,1
36.08,2,1974.8,485.68,-0.09,2751.94,175.8,-1.99,0.0,0.0,0.0,0.8,1.0,5,4485,-54.4,0.2,1.37,0.0,-0.02,1301,924,7075,0.1151,0.001,-0.142,0.042,-0.15,-5.88,1227,-6930,-104,3997,0,7048,0.1151,-0.003,-0.153,0.053,0.09,-5.94,1247,-6917,68,1199,1,3343,0.0542,-0.017,-0.158,0.058,0.08,-5.95,1228,-3487,29,646,1,3319,0.0543,-0.02,-0.158,0.058,-0.13,-5.9,1227,-3463,-36,646,1
36.1,2,1975.8,485.68,-0.09,2752.91,174.4,-1.98,0.0,0.0,0.0,0.74,1.0,5,4430,-54.4,0.2,1.38,0.0,-0.05,1282,909,7032,0.1151,0.001,-0.149,0.049,-0.14,-5.89,1208,-6900,-95,3940,0,7031,0.115,-0.005,-0.161,0.061,0.11,-5.92,1226,-6901,86,1182,1,3337,0.0539,-0.014,-0.165,0.065,0.04,-5.99,1228,-3480,29,636,1,3335,0.0539,-0.02,-0.165,0.065,-0.18,-5.86,1228,-3478,-52,636,1
36.12,2,1976.8,485.68,-0.09,2753.88,173.0,-1.98,0.0,0.0,0.0,0.82,1.0,5,4436,-54.3,0.2,1.37,0.0,-0.05,1260,894,6985,0.1149,-0.011,-0.158,0.058,-0.1,-5.93,1222,-6860,-75,1091,1,6979,0.1148,-0.01,-0.145,0.045,0.14,-5.89,1207,-6847,92,3636,0,3392,0.0538,-0.007,-0.156,0.056,0.09,-5.94,1231,-3529,32,587,1,3388,0.0538,-0.006,-0.156,0.056,-0.14,-5.89,1231,-3525,-50,587,1
36.14,2,1977.7,485.68,-0.09,2754.83,171.6,-1.98,0.0,0.0,0.0,0.69,1.0,5,4333,-53.7,0.2,1.38,0.0,0.01,1239,880,7050,0.1147,-0.008,-0.149,0.049,-0.15,-5.88,1187,-6913,-88,4040,0,7062,0.1147,-0.006,-0.159,0.059,0.08,-5.95,1210,-6928,68,1212,1,3382,0.0537,-0.004,-0.171,0.071,0.05,-5.99,1201,-3527,23,653,1,3393,0.0537,-0.002,-0.171,0.071,-0.16,-5.87,1201,-3537,-50,653,1
36.16,2,1978.7,485.68,-0.09,2755.77,170.2,-1.99,0.0,0.0,0.0,0.82,1.0,5,4367,-53.8,0.2,1.38,0.0,0.05,1220,866,7089,0.1149,0.01,-0.159,0.059,-0.06,-5.97,1201,-6947,-78,1024,1,7098,0.1149,0.009,-0.143,0.043,0.09,-5.94,1193,-6948,78,3412,0,3375,0.0536,-0.007,-0.154,0.054,0.2,-5.83,1214,-3512,43,551,1,3382,0.0536,-0.007,-0.153,0.053,-0.08,-5.96,1214,-3518,-49,551,1
36.18,2,1979.6,485.68,-0.09,2756.71,168.8,-1.99,0.0,0.0,0.0,0.81,1.0,5,4314,-53.2,0.2,1.39,0.0,0.04,1203,851,7105,0.115,0.005,-0.149,0.049,-0.16,-5.87,1168,-6960,-112,4068,0,7112,0.1151,0.009,-0.153,0.053,0.08,-5.95,1197,-6973,57,1220,1,3354,0.0534,-0.01,-0.157,0.057,0.07,-5.96,1181,-3497,28,657,1,3360,0.0535,-0.006,-0.157,0.057,-0.13,-5.9,1181,-3503,-44,657,1
36.2,2,1980.5,485.68,-0.09,2757.64,167.4,-1.99,-0.01,0.0,0.0,0.72,1.0,5,4247,-53.1,0.2,1.4,0.0,0.01,1187,837,7138,0.1152,0.009,-0.158,0.058,-0.15,-5.88,1180,-6992,-114,1200,1,7127,0.1153,0.008,-0.163,0.063,0.07,-5.96,1173,-6988,52,1200,1,3329,0.0531,-0.015,-0.166,0.066,0.09,-5.94,1177,-3472,33,646,1,3321,0.0532,-0.015,-0.166,0.066,-0.1,-5.93,1177,-3464,-35,646,1
36.22,2,1981.5,485.68,-0.09,2758.56,166.0,-1.98,0.0,0.0,0.0,0.78,1.0,5,4255,-53.1,0.2,1.4,0.0,-0.02,1171,824,7034,0.1152,0.002,-0.158,0.058,-0.13,-5.9,1173,-6903,-69,1072,1,7038,0.1153,0.001,-0.162,0.062,0.12,-5.91,1167,-6911,101,1072,1,3321,0.0528,-0.016,-0.156,0.056,0.1,-5.93,1181,-3459,29,577,1,3326,0.0528,-0.018,-0.157,0.057,-0.17,-5.86,1181,-3464,-57,577,1
36.24,2,1982.4,485.69,-0.09,2759.48,164.6,-1.97,0.0,0.0,0.0,0.76,1.0,5,4182,-52.6,0.2,1.4,0.0,-0.01,1151,810,6975,0.1149,-0.015,-0.159,0.059,-0.09,-5.94,1160,-6850,-69,1159,1,6983,0.115,-0.015,-0.163,0.063,0.16,-5.87,1154,-6863,88,1159,1,3339,0.0526,-0.01,-0.164,0.064,0.07,-5.96,1160,-3482,35,624,1,3346,0.0526,-0.011,-0.162,0.062,-0.01,-6.02,1160,-3488,-33,624,1
36.26,2,1983.3,485.69,-0.09,2760.38,163.2,-1.96,0.0,0.0,0.0,0.79,0.87,5,4162,-52.4,0.2,1.4,0.0,0.03,1131,796,6916,0.1145,-0.02,-0.153,0.053,-0.07,-5.96,1159,-6804,-64,1119,1,6908,0.1146,-0.02,-0.157,0.057,0.1,-5.94,1153,-6794,92,1119,1,3365,0.0525,-0.004,-0.161,0.061,0.16,-5.87,1154,-3506,37,603,1,3360,0.0525,-0.004,-0.161,0.061,-0.17,-5.87,1154,-3500,-56,603,1
36.28,2,1984.2,485.69,-0.09,2761.28,161.8,-1.96,0.0,0.0,0.0,0.77,0.73,5,4146,-51.9,0.2,1.4,0.0,0.1,1110,783,6970,0.1142,-0.016,-0.159,0.059,-0.15,-5.88,1141,-6848,-90,1164,1,6979,0.1143,-0.013,-0.162,0.062,0.07,-5.96,1136,-6859,58,1164,1,3355,0.0523,-0.006,-0.155,0.055,0.08,-5.95,1135,-3497,26,627,1,3365,0.0525,-0.003,-0.155,0.055,-0.11,-5.92,1135,-3507,-47,627,1
36.3,2,1985.1,485.69,-0.09,2762.17,160.4,-1.97,0.0,0.0,0.0,0.78,0.6,5,4088,-51.8,0.2,1.4,0.0,0.1,1091,769,7014,0.1142,0.0,-0.156,0.056,-0.14,-5.89,1135,-6884,-107,1138,1,7021,0.1143,-0.001,-0.16,0.06,0.1,-5.93,1131,-6892,56,1138,1,3347,0.0522,-0.007,-0.161,0.061,0.09,-5.94,1130,-3488,35,613,1,3354,0.0523,-0.009,-0.162,0.062,-0.16,-5.87,1130,-3496,-44,613,1
36.32,2,1986.0,485.69,-0.09,2763.06,159.0,-1.97,-0.01,0.0,0.0,0.79,0.47,5,4092,-51.4,0.2,1.4,0.0,0.04,1073,756,7036,0.1142,0.002,-0.156,0.056,-0.18,-5.85,1126,-6901,-119,1151,1,7024,0.1143,-0.001,-0.16,0.06,0.05,-5.98,1121,-6894,51,1151,1,3339,0.052,-0.008,-0.151,0.051,0.05,-5.98,1120,-3480,26,620,1,3329,0.0521,-0.01,-0.151,0.051,-0.15,-5.88,1120,-3470,-46,620,1
36.34,2,1986.8,485.69,-0.09,2763.93,157.7,-1.96,-0.01,0.0,0.0,0.74,0.33,5,4036,-51.1,0.2,1.41,0.0,-0.01,1057,743,7030,0.1143,0.001,-0.162,0.062,-0.04,-5.99,1107,-6902,-88,1177,1,7030,0.1143,0.001,-0.165,0.065,0.21,-5.82,1103,-6905,79,1177,1,3300,0.0518,-0.012,-0.153,0.053,0.09,-5.95,1108,-3442,37,634,1,3301,0.0518,-0.012,-0.153,0.053,-0.11,-5.92,1108,-3443,-39,634,1
36.36,2,1987.7,485.69,-0.09,2764.8,156.3,-1.95,0.0,0.0,0.0,0.88,0.2,5,4014,-50.9,0.2,1.41,0.0,-0.04,1041,730,6996,0.1142,-0.004,-0.147,0.047,-0.16,-5.88,1086,-6865,-84,3658,0,7014,0.1142,-0.004,-0.15,0.05,0.07,-5.96,1114,-6886,69,1097,1,3270,0.0514,-0.017,-0.148,0.048,0.04,-5.99,1090,-3410,35,1970,0,3283,0.0515,-0.018,-0.148,0.048,-0.16,-5.87,1090,-3423,-44,1970,0
36.38,2,1988.6,485.69,-0.09,2765.66,154.9,-1.95,0.0,0.0,0.0,0.72,0.07,5,3964,-50.7,0.2,1.42,-0.01,-0.03,1024,718,6933,0.114,-0.012,-0.159,0.059,-0.05,-5.98,1090,-6824,-61,1304,1,6971,0.1141,-0.005,-0.165,0.065,0.2,-5.83,1082,-6853,102,1304,1,3264,0.051,-0.02,-0.147,0.047,0.05,-5.98,1078,-3404,27,2340,0,3297,0.0512,-0.013,-0.162,0.062,-0.16,-5.87,1080,-3440,-49,702,1
36.4,2,1989.4,485.69,-0.09,2766.52,153.5,-1.94,0.0,0.0,0.0,0.78,0.14,4,3936,-50.4,0.2,1.42,-0.01,0.01,1006,705,6923,0.1137,-0.015,-0.162,0.062,-0.12,-5.91,1081,-6811,-67,1061,1,6953,0.1139,-0.012,-0.142,0.042,0.12,-5.91,1074,-6822,74,3536,0,3290,0.0508,-0.012,-0.156,0.056,0.1,-5.93,1078,-3433,27,571,1,3316,0.051,-0.009,-0.155,0.055,-0.1,-5.94,1079,-3456,-50,571,1
36.42,2,1990.3,485.69,-0.09,2767.36,152.1,-1.95,0.0,0.0,0.0,0.73,0.44,4,4213,-52.2,0.2,1.42,-0.01,0.01,987,692,6978,0.1135,-0.008,-0.167,0.067,-0.16,-5.87,1064,-6860,-101,1161,1,6994,0.1137,-0.008,-0.144,0.044,0.08,-5.95,1058,-6866,67,3871,0,3289,0.0506,-0.009,-0.157,0.057,0.06,-5.97,1061,-3433,23,625,1,3303,0.0508,-0.009,-0.156,0.056,-0.15,-5.88,1062,-3446,-46,625,1
36.44,2,1991.1,485.69,-0.09,2768.2,150.8,-1.95,-0.01,0.0,0.0,0.8,0.74,4,4578,-55.0,0.2,1.42,-0.01,-0.01,970,680,6994,0.1135,0.001,-0.148,0.048,-0.13,-5.9,1047,-6865,-88,3624,0,6992,0.1137,0.001,-0.153,0.053,0.11,-5.92,1073,-6871,72,1087,1,3300,0.0504,-0.009,-0.161,0.061,0.09,-5.94,1050,-3446,30,585,1,3297,0.0506,-0.01,-0.16,0.06,-0.09,-5.94,1050,-3443,-36,585,1
36.46,2,1991.9,485.69,-0.09,2769.03,149.4,-1.95,0.0,0.0,0.0,0.68,1.0,4,4502,-55.0,0.2,1.43,0.0,-0.06,954,668,7000,0.1135,0.0,-0.155,0.055,-0.15,-5.89,1059,-6877,-93,1181,1,6984,0.1136,-0.005,-0.163,0.063,0.09,-5.94,1050,-6861,60,1181,1,3284,0.0502,-0.009,-0.172,0.072,0.06,-5.97,1049,-3430,26,636,1,3268,0.0504,-0.013,-0.172,0.072,-0.13,-5.91,1048,-3414,-42,636,1
36.48,2,1992.7,485.69,-0.09,2769.85,148.0,-1.94,0.0,0.0,0.0,0.79,1.0,4,4509,-54.9,0.2,1.43,0.0,-0.1,938,655,6983,0.1135,-0.001,-0.16,0.06,-0.08,-5.95,1045,-6855,-74,1009,1,6959,0.1136,-0.004,-0.144,0.044,0.16,-5.87,1035,-6832,102,3363,0,3284,0.05,-0.012,-0.161,0.061,0.03,-6.0,1054,-3425,27,543,1,3262,0.0501,-0.015,-0.164,0.064,-0.16,-5.87,1052,-3404,-44,543,1
36.5,2,1993.6,485.69,-0.08,2770.67,146.7,-1.94,0.0,0.0,0.0,0.76,1.0,4,4449,-54.2,0.2,1.44,0.0,-0.12,922,643,6976,0.1134,-0.005,-0.164,0.064,-0.13,-5.9,1028,-6857,-73,1165,1,6953,0.1134,-0.009,-0.146,0.046,0.13,-5.9,1017,-6833,98,3883,0,3272,0.0498,-0.011,-0.161,0.061,0.09,-5.94,1020,-3418,21,627,1,3252,0.0498,-0.015,-0.161,0.061,-0.09,-5.94,1020,-3398,-42,627,1
36.52,2,1994.4,485.69,-0.08,2771.47,145.3,-1.93,0.0,0.0,0.0,0.74,1.0,4,4405,-54.2,0.2,1.44,0.0,-0.12,906,631,6938,0.1133,-0.005,-0.158,0.058,-0.12,-5.91,1028,-6816,-72,1121,1,6961,0.1133,-0.005,-0.138,0.038,0.27,-5.76,1017,-6830,122,3737,0,3254,0.0495,-0.014,-0.167,0.067,0.06,-5.97,1027,-3398,31,604,1,3273,0.0495,-0.013,-0.167,0.067,-0.12,-5.91,1027,-3416,-44,604,1
36.54,2,1995.2,485.69,-0.08,2772.27,143.9,-1.93,0.0,0.0,0.0,0.8,1.0,4,4397,-54.2,0.2,1.43,0.0,-0.09,887,620,6927,0.1131,-0.011,-0.14,0.04,-0.04,-6.0,1006,-6799,-62,3631,0,6921,0.1131,-0.01,-0.149,0.049,0.24,-5.79,996,-6804,116,3631,0,3311,0.0494,-0.005,-0.16,0.06,0.05,-5.98,1026,-3449,26,587,1,3307,0.0494,-0.004,-0.16,0.06,-0.17,-5.86,1026,-3445,-53,587,1
36.56,2,1996.0,485.7,-0.08,2773.06,142.6,-1.93,0.0,0.0,0.0,0.78,1.0,4,4326,-53.3,0.2,1.43,-0.01,0.0,870,608,6894,0.1128,-0.012,-0.153,0.053,-0.06,-5.97,1013,-6784,-49,1185,1,6953,0.1129,-0.009,-0.16,0.06,0.11,-5.92,1004,-6834,82,1185,1,3289,0.0494,-0.002,-0.161,0.061,0.05,-5.98,991,-3434,18,638,1,3340,0.0494,0.001,-0.161,0.061,-0.16,-5.87,992,-3484,-50,638,1
36.58,2,1996.7,485.7,-0.08,2773.85,141.2,-1.94,0.0,0.0,0.0,0.7,1.0,4,4262,-53.2,0.2,1.44,0.0,0.07,852,596,6999,0.1127,-0.005,-0.158,0.058,-0.1,-5.93,997,-6880,-58,1156,1,7006,0.1129,0.001,-0.165,0.065,0.07,-5.96,990,-6882,80,1156,1,3301,0.0492,-0.008,-0.17,0.07,0.06,-5.97,994,-3446,18,623,1,3308,0.0494,-0.001,-0.17,0.07,-0.15,-5.88,994,-3453,-50,623,1
36.6,2,1997.5,485.7,-0.08,2774.63,139.8,-1.94,0.0,0.0,0.0,0.86,1.0,4,4302,-53.5,0.2,1.44,-0.01,0.1,837,585,7016,0.113,0.012,-0.146,0.046,-0.13,-5.9,972,-6885,-97,3445,0,7041,0.1131,0.01,-0.152,0.052,0.08,-5.95,997,-6899,72,1034,1,3289,0.0491,-0.004,-0.154,0.054,0.04,-5.99,1005,-3423,26,557,1,3310,0.0493,-0.006,-0.154,0.054,-0.15,-5.88,1005,-3443,-47,557,1
36.62,2,1998.3,485.7,-0.08,2775.39,138.4,-1.94,-0.01,0.0,0.0,0.73,1.0,4,4187,-52.2,0.2,1.45,-0.01,0.13,822,573,7069,0.1132,0.009,-0.147,0.047,-0.18,-5.85,953,-6934,-91,4243,0,7084,0.1134,0.012,-0.158,0.058,0.05,-5.98,978,-6953,51,1273,1,3282,0.049,-0.008,-0.164,0.064,0.04,-5.99,959,-3430,17,685,1,3294,0.0492,-0.005,-0.164,0.064,-0.15,-5.88,959,-3440,-50,685,1
36.64,2,1999.1,485.7,-0.08,2776.16,137.1,-1.94,-0.01,0.0,0.0,0.77,1.0,4,4172,-52.6,0.2,1.46,-0.01,0.11,808,562,7066,0.1134,0.014,-0.156,0.056,-0.14,-5.89,972,-6925,-108,1087,1,7100,0.1136,0.013,-0.162,0.062,0.07,-5.96,965,-6963,47,1087,1,3254,0.0488,-0.01,-0.163,0.063,0.16,-5.87,974,-3395,33,585,1,3282,0.0489,-0.011,-0.163,0.063,-0.01,-6.02,974,-3422,-34,585,1
36.66,2,1999.8,485.7,-0.08,2776.91,135.7,-1.94,0.0,0.0,0.0,0.66,1.0,4,4074,-51.9,0.2,1.47,0.0,0.04,795,551,7120,0.1137,0.013,-0.149,0.049,-0.18,-5.85,937,-6974,-119,3797,0,7090,0.1139,0.012,-0.155,0.055,0.05,-5.98,964,-6948,42,1139,1,3249,0.0485,-0.013,-0.175,0.075,0.06,-5.98,951,-3397,22,613,1,3223,0.0487,-0.013,-0.176,0.076,-0.13,-5.9,951,-3371,-36,613,1
36.68,2,2000.6,485.7,-0.08,2777.66,134.3,-1.93,0.0,0.0,0.0,0.83,1.0,4,4107,-52.0,0.2,1.48,-0.01,-0.03,781,540,7016,0.1138,0.006,-0.142,0.042,-0.15,-5.88,942,-6879,-103,3243,0,7034,0.1139,0.003,-0.144,0.044,0.08,-5.95,940,-6894,70,3243,0,3258,0.0483,-0.011,-0.16,0.06,0.07,-5.96,961,-3397,41,524,1,3272,0.0484,-0.014,-0.159,0.059,-0.16,-5.87,962,-3410,-35,524,1
36.7,2,2001.3,485.7,-0.08,2778.39,133.0,-1.93,0.0,0.0,0.0,0.77,1.0,4,4032,-51.1,0.2,1.47,0.0,-0.04,766,529,6972,0.1136,-0.009,-0.16,0.06,-0.12,-5.91,939,-6857,-76,1224,1,6952,0.1137,-0.01,-0.162,0.062,0.12,-5.91,936,-6833,95,1224,1,3292,0.0482,-0.002,-0.162,0.062,0.03,-6.0,924,-3439,18,659,1,3276,0.0483,-0.003,-0.162,0.062,-0.16,-5.87,924,-3422,-48,659,1
36.72,2,2002.0,485.7,-0.08,2779.13,131.6,-1.93,0.0,0.0,0.0,0.71,1.0,4,3981,-51.2,0.2,1.48,0.0,0.04,749,518,7019,0.1135,-0.006,-0.156,0.056,-0.15,-5.88,934,-6896,-86,1135,1,7036,0.1136,-0.005,-0.158,0.058,0.08,-5.95,932,-6904,73,1135,1,3275,0.0482,-0.004,-0.169,0.069,0.13,-5.9,930,-3420,24,611,1,3287,0.0483,-0.002,-0.169,0.069,-0.03,-6.0,930,-3431,-40,611,1
36.74,2,2002.7,485.7,-0.08,2779.85,130.2,-1.93,0.0,0.0,0.0,0.78,1.0,4,3967,-51.1,0.2,1.49,0.0,0.08,734,508,7090,0.1137,0.01,-0.147,0.047,-0.15,-5.88,904,-6950,-101,3505,0,7075,0.1138,0.009,-0.147,0.047,0.2,-5.83,902,-6937,76,3505,0,3279,0.048,-0.006,-0.163,0.063,0.04,-5.99,928,-3420,20,566,1,3267,0.0481,-0.008,-0.163,0.063,-0.16,-5.88,928,-3408,-46,566,1
36.76,2,2003.5,485.7,-0.08,2780.57,128.9,-1.94,0.0,0.0,0.0,0.79,1.0,4,3909,-50.4,0.2,1.49,0.0,0.11,720,497,7107,0.114,0.013,-0.143,0.043,-0.14,-5.89,894,-6957,-93,3866,0,7117,0.1141,0.013,-0.143,0.043,0.13,-5.91,893,-6967,79,3866,0,3261,0.0479,-0.007,-0.16,0.06,0.09,-5.94,896,-3406,29,625,1,3268,0.048,-0.007,-0.16,0.06,-0.11,-5.93,896,-3413,-42,625,1
36.78,2,2004.2,485.7,-0.08,2781.27,127.5,-1.94,0.0,0.0,0.0,0.64,1.0,4,3824,-50.1,0.2,1.5,0.0,0.1,707,487,7092,0.1142,0.009,-0.145,0.045,-0.15,-5.88,881,-6948,-103,3897,0,7090,0.1143,0.01,-0.146,0.046,0.07,-5.96,880,-6949,63,3897,0,3260,0.0477,-0.008,-0.177,0.077,0.06,-5.97,893,-3407,23,630,1,3259,0.0478,-0.007,-0.177,0.077,-0.12,-5.91,893,-3406,-37,630,1
36.8,2,2004.9,485.7,-0.08,2781.97,126.1,-1.93,0.0,0.0,0.0,0.87,1.0,4,3882,-50.4,0.2,1.51,0.0,0.05,694,476,7086,0.1143,0.007,-0.153,0.053,-0.12,-5.91,902,-6941,-112,944,1,7073,0.1143,0.004,-0.154,0.054,0.11,-5.92,900,-6934,60,944,1,3233,0.0476,-0.009,-0.153,0.053,0.13,-5.9,910,-3368,36,508,1,3221,0.0476,-0.012,-0.153,0.053,-0.05,-5.98,910,-3356,-33,508,1
36.82,2,2005.6,485.7,-0.08,2782.67,124.8,-1.92,0.0,0.0,0.0,0.71,1.0,4,3771,-49.3,0.2,1.51,0.0,-0.03,682,466,7031,0.1143,-0.002,-0.165,0.065,-0.15,-5.88,874,-6902,-95,1296,1,7032,0.1143,-0.002,-0.167,0.067,0.07,-5.96,873,-6905,60,1296,1,3187,0.0472,-0.017,-0.165,0.065,0.08,-5.95,863,-3335,44,698,1,3188,0.0473,-0.017,-0.165,0.065,-0.11,-5.92,863,-3336,-13,698,1
36.84,2,2006.3,485.7,-0.08,2783.35,123.4,-1.91,0.0,0.0,0.0,0.76,1.0,4,3762,-49.7,0.2,1.52,0.0,-0.1,669,456,6984,0.1141,-0.007,-0.162,0.062,-0.06,-5.97,871,-6863,-76,1055,1,6970,0.1141,-0.009,-0.165,0.065,0.09,-5.94,869,-6852,76,1055,1,3187,0.0469,-0.019,-0.163,0.063,0.05,-5.98,880,-3328,25,568,1,3175,0.0468,-0.02,-0.163,0.063,-0.15,-5.88,880,-3316,-42,568,1
36.86,2,2006.9,485.7,-0.08,2784.03,122.1,-1.9,0.0,0.0,0.0,0.65,1.0,4,3665,-49.0,0.2,1.51,0.0,-0.11,654,447,6937,0.1138,-0.016,-0.155,0.055,-0.06,-5.97,868,-6824,-63,1126,1,6911,0.1138,-0.017,-0.157,0.057,0.19,-5.84,866,-6795,107,1126,1,3247,0.0467,-0.009,-0.177,0.077,0.03,-6.0,857,-3393,26,606,1,3224,0.0466,-0.01,-0.176,0.076,-0.14,-5.89,857,-3371,-40,606,1
36.88,2,2007.6,485.7,-0.08,2784.7,120.8,-1.9,0.01,0.0,0.0,0.85,1.0,4,3703,-49.2,0.2,1.51,0.0,-0.05,638,437,6870,0.1134,-0.02,-0.149,0.049,-0.1,-5.93,838,-6748,-50,3232,0,6910,0.1134,-0.02,-0.151,0.051,0.09,-5.94,865,-6785,95,969,1,3254,0.0467,0.001,-0.157,0.057,0.09,-5.94,868,-3391,26,522,1,3287,0.0467,0.001,-0.156,0.056,-0.12,-5.92,869,-3423,-40,522,1
36.9,2,2008.3,485.7,-0.08,2785.37,119.4,-1.91,0.0,0.0,0.0,0.62,0.95,4,3589,-48.5,0.2,1.51,-0.01,0.04,622,427,6963,0.1131,-0.014,-0.147,0.047,-0.15,-5.88,819,-6844,-76,4189,0,6998,0.1133,-0.005,-0.156,0.056,0.08,-5.95,847,-6877,82,1257,1,3229,0.0466,-0.007,-0.179,0.079,0.03,-6.0,836,-3377,17,677,1,3259,0.0467,0.002,-0.174,0.074,-0.15,-5.88,839,-3405,-44,677,1
36.92,2,2008.9,485.7,-0.08,2786.02,118.1,-1.91,0.0,0.0,0.0,0.85,0.81,4,3615,-48.5,0.2,1.51,-0.01,0.12,608,417,6963,0.1132,0.003,-0.151,0.051,-0.17,-5.86,847,-6833,-93,914,1,7032,0.1134,0.005,-0.149,0.049,0.06,-5.97,822,-6887,84,3047,0,3226,0.0464,-0.007,-0.158,0.058,0.1,-5.93,846,-3364,24,492,1,3285,0.0466,-0.004,-0.157,0.057,-0.15,-5.88,847,-3421,-45,492,1
36.94,2,2009.6,485.7,-0.08,2786.67,116.7,-1.91,-0.01,0.0,0.0,0.78,0.68,4,3549,-47.7,0.2,1.51,-0.01,0.13,595,408,6986,0.1131,-0.004,-0.154,0.054,-0.12,-5.91,829,-6866,-101,1262,1,7017,0.1135,0.005,-0.139,0.039,0.1,-5.93,806,-6884,52,4205,0,3229,0.0463,-0.009,-0.16,0.06,0.04,-5.99,813,-3375,21,679,1,3254,0.0466,0.0,-0.159,0.059,-0.14,-5.89,813,-3400,-40,679,1
36.96,2,2010.2,485.71,-0.08,2787.31,115.4,-1.91,-0.01,0.0,0.0,0.7,0.55,4,3495,-47.6,0.2,1.52,-0.01,0.09,582,399,7008,0.1132,0.003,-0.159,0.059,-0.1,-5.94,817,-6879,-109,1153,1,7003,0.1135,0.0,-0.147,0.047,0.04,-5.99,795,-6875,54,3844,0,3219,0.0461,-0.008,-0.169,0.069,0.06,-5.97,810,-3363,23,621,1,3216,0.0464,-0.01,-0.169,0.069,-0.13,-5.9,810,-3360,-42,621,1
36.98,2,2010.8,485.71,-0.08,2787.95,114.0,-1.9,0.0,0.0,0.0,0.89,0.41,4,3524,-47.3,0.2,1.52,-0.01,0.03,570,389,6963,0.1131,-0.003,-0.15,0.05,-0.17,-5.86,818,-6842,-108,1041,1,6963,0.1134,-0.006,-0.139,0.039,0.17,-5.86,796,-6830,70,3470,0,3198,0.0459,-0.01,-0.141,0.041,0.07,-5.96,795,-3334,28,1869,0,3197,0.0462,-0.012,-0.141,0.041,-0.12,-5.91,795,-3333,-35,1869,0
37.0,2,2011.5,485.71,-0.08,2788.57,112.7,-1.89,0.0,0.0,0.0,0.59,0.28,4,3422,-46.8,0.2,1.52,-0.01,-0.02,558,380,6923,0.1129,-0.01,-0.18,0.08,-0.16,-5.87,777,-6819,-93,1318,1,6925,0.1131,-0.012,-0.161,0.061,0.11,-5.92,795,-6816,69,1318,1,3178,0.0456,-0.013,-0.159,0.059,0.1,-5.93,785,-3324,29,710,1,3179,0.0459,-0.015,-0.159,0.059,-0.15,-5.89,785,-3325,-37,710,1
37.02,2,2012.1,485.71,-0.08,2789.19,111.4,-1.88,0.0,0.0,0.0,0.85,0.15,4,3405,-46.8,0.2,1.52,-0.01,-0.09,546,371,6891,0.1127,-0.011,-0.158,0.058,-0.05,-5.98,793,-6773,-71,876,1,6890,0.1129,-0.013,-0.138,0.038,0.19,-5.84,785,-6765,99,2920,0,3156,0.0453,-0.015,-0.156,0.056,0.18,-5.85,788,-3297,40,472,1,3154,0.0455,-0.018,-0.155,0.055,-0.03,-6.0,788,-3295,-29,472,1
37.04,2,2012.7,485.71,-0.08,2789.8,110.0,-1.88,0.0,0.0,0.0,0.65,0.01,4,3347,-46.3,0.2,1.52,-0.01,-0.08,532,363,6830,0.1123,-0.021,-0.168,0.068,0.09,-5.94,768,-6730,-33,1263,1,6859,0.1125,-0.017,-0.175,0.075,0.35,-5.68,762,-6760,127,1263,1,3179,0.0451,-0.014,-0.149,0.049,0.07,-5.96,760,-3322,25,2267,0,3204,0.0453,-0.011,-0.146,0.046,-0.12,-5.91,762,-3346,-38,2267,0
37.06,2,2013.3,485.71,-0.08,2790.41,108.7,-1.88,0.0,0.0,0.0,0.77,0.26,3,3418,-46.6,0.2,1.51,-0.01,0.0,518,354,6817,0.1118,-0.023,-0.166,0.066,-0.14,-5.89,766,-6713,-50,962,1,6853,0.1121,-0.021,-0.14,0.04,0.09,-5.94,761,-6735,100,3208,0,3209,0.045,-0.002,-0.156,0.056,0.08,-5.95,762,-3353,21,518,1,3240,0.0453,0.0,-0.154,0.054,-0.1,-5.94,763,-3382,-40,518,1
37.08,2,2013.9,485.71,-0.08,2791.0,107.4,-1.89,0.0,0.0,0.0,0.56,0.56,3,3843,-49.5,0.2,1.51,-0.01,0.08,503,345,6920,0.1117,-0.005,-0.168,0.068,-0.16,-5.88,754,-6808,-92,1141,1,6923,0.112,-0.003,-0.172,0.072,0.08,-5.95,750,-6812,66,1141,1,3233,0.045,-0.003,-0.188,0.088,0.12,-5.91,714,-3383,21,615,1,3232,0.0453,-0.001,-0.188,0.088,-0.07,-5.96,714,-3383,-30,615,1
37.1,2,2014.5,485.71,-0.08,2791.59,106.0,-1.9,0.0,0.0,0.0,0.78,0.86,3,4168,-52.0,0.2,1.51,-0.01,0.11,490,337,7013,0.1119,0.009,-0.14,0.04,-0.18,-5.86,748,-6861,-111,2749,0,6991,0.1121,0.004,-0.145,0.045,0.05,-5.98,744,-6840,64,2749,0,3247,0.045,0.003,-0.169,0.069,0.03,-6.0,732,-3397,15,444,1,3227,0.0452,-0.002,-0.169,0.069,-0.15,-5.88,732,-3377,-38,444,1
37.12,2,2015.1,485.71,-0.08,2792.17,104.7,-1.9,-0.01,0.0,0.0,0.72,1.0,3,4129,-52.1,0.2,1.52,-0.01,0.08,479,328,6989,0.1121,0.01,-0.165,0.065,-0.07,-5.96,737,-6864,-98,1150,1,6993,0.1122,0.007,-0.169,0.069,0.17,-5.86,734,-6871,59,1150,1,3213,0.045,-0.003,-0.17,0.07,0.06,-5.97,750,-3361,21,619,1,3217,0.0451,-0.006,-0.17,0.07,-0.11,-5.92,750,-3365,-37,619,1
37.14,2,2015.6,485.71,-0.08,2792.75,103.3,-1.89,0.0,0.0,0.0,0.69,1.0,3,4092,-52.1,0.2,1.52,-0.01,0.05,468,320,6963,0.1121,0.001,-0.17,0.07,-0.16,-5.87,725,-6849,-103,1072,1,6981,0.1123,0.001,-0.137,0.037,0.07,-5.97,721,-6838,54,3572,0,3191,0.0448,-0.009,-0.174,0.074,0.24,-5.79,736,-3335,36,577,1,3205,0.045,-0.008,-0.173,0.073,0.07,-5.96,736,-3349,-28,577,1
37.16,2,2016.2,485.71,-0.08,2793.31,102.0,-1.89,-0.01,0.0,0.0,0.81,1.0,3,4102,-52.2,0.2,1.53,-0.01,-0.02,457,312,6947,0.1121,0.0,-0.151,0.051,-0.13,-5.9,732,-6813,-100,1025,1,6959,0.1123,0.0,-0.156,0.056,0.1,-5.93,729,-6831,63,1025,1,3173,0.0445,-0.012,-0.16,0.06,0.1,-5.93,740,-3306,27,552,1,3183,0.0447,-0.012,-0.16,0.06,-0.06,-5.97,740,-3316,-31,552,1
37.18,2,2016.8,485.71,-0.08,2793.87,100.7,-1.88,0.0,0.0,0.0,0.8,1.0,3,3977,-50.4,0.2,1.53,-0.01,-0.08,446,304,6945,0.112,-0.004,-0.137,0.037,-0.08,-5.95,696,-6822,-87,4022,0,6944,0.1122,-0.005,-0.141,0.041,0.16,-5.87,693,-6824,69,4022,0,3156,0.0443,-0.011,-0.157,0.057,0.13,-5.9,685,-3305,27,650,1,3156,0.0445,-0.012,-0.157,0.057,-0.02,-6.01,685,-3304,-26,650,1
37.2,2,2017.3,485.71,-0.08,2794.42,99.4,-1.88,0.0,0.0,0.0,0.63,1.0,3,3891,-50.4,0.2,1.53,0.0,-0.12,436,296,6905,0.1119,-0.005,-0.164,0.064,-0.12,-5.91,701,-6792,-73,1192,1,6890,0.112,-0.008,-0.168,0.068,0.09,-5.94,697,-6783,87,1192,1,3147,0.044,-0.013,-0.177,0.077,0.04,-5.99,707,-3296,24,642,1,3134,0.0442,-0.016,-0.177,0.077,-0.11,-5.92,706,-3283,-32,642,1
37.22,2,2017.9,485.71,-0.08,2794.97,98.0,-1.87,0.0,0.0,0.0,0.84,1.0,3,3942,-51.0,0.2,1.53,0.0,-0.14,424,288,6866,0.1117,-0.009,-0.14,0.04,-0.07,-5.96,687,-6745,-62,3122,0,6868,0.1118,-0.011,-0.145,0.045,0.09,-5.94,682,-6738,105,3122,0,3170,0.0438,-0.01,-0.158,0.058,0.05,-5.98,714,-3305,25,504,1,3172,0.0439,-0.013,-0.158,0.058,-0.13,-5.9,714,-3306,-36,504,1
37.24,2,2018.4,485.71,-0.08,2795.51,96.7,-1.87,0.0,0.0,0.0,0.61,1.0,3,3871,-49.4,0.2,1.53,0.0,-0.11,411,280,6862,0.1115,-0.012,-0.18,0.08,-0.1,-5.93,669,-6765,-48,1245,1,6842,0.1115,-0.014,-0.139,0.039,0.17,-5.86,664,-6736,98,4150,0,3224,0.0439,0.001,-0.138,0.038,0.07,-5.96,652,-3369,20,2235,0,3208,0.0439,-0.001,-0.14,0.04,-0.16,-5.87,652,-3353,-39,2235,0
37.26,2,2018.9,485.71,-0.08,2796.04,95.4,-1.88,0.0,0.0,0.0,0.96,1.0,3,3937,-49.9,0.2,1.53,0.0,-0.01,398,272,6948,0.1114,-0.005,-0.137,0.037,-0.13,-5.9,671,-6813,-82,3015,0,6964,0.1115,-0.002,-0.144,0.044,0.09,-5.94,666,-6818,85,3015,0,3222,0.0439,0.002,-0.111,0.011,0.1,-5.93,671,-3339,23,1623,0,3236,0.044,0.006,-0.111,0.011,-0.09,-5.94,671,-3351,-49,1623,0
37.28,2,2019.5,485.71,-0.08,2796.56,94.0,-1.9,0.0,0.0,0.0,0.51,1.0,3,3643,-48.7,0.2,1.54,0.0,0.08,386,265,7062,0.1117,0.018,-0.142,0.042,-0.15,-5.88,636,-6934,-89,4764,0,7057,0.1118,0.018,-0.15,0.05,0.07,-5.96,630,-6929,64,4764,0,3235,0.044,0.003,-0.187,0.087,0.04,-5.99,661,-3386,20,770,1,3231,0.0441,0.003,-0.187,0.087,-0.12,-5.91,661,-3381,-35,770,1
37.3,2,2020.0,485.71,-0.08,2797.07,92.7,-1.9,0.0,0.0,0.0,0.96,1.0,3,3776,-49.7,0.2,1.55,0.0,0.08,376,257,7105,0.1122,0.025,-0.147,0.047,-0.18,-5.85,652,-6935,-116,2520,0,7109,0.1123,0.022,-0.127,0.027,0.05,-5.98,667,-6938,49,2520,0,3206,0.0439,-0.003,-0.146,0.046,0.05,-5.98,676,-3326,18,1357,0,3210,0.0439,-0.006,-0.146,0.046,-0.12,-5.91,676,-3328,-42,1357,0
37.32,2,2020.5,485.71,-0.08,2797.58,91.4,-1.9,-0.01,0.0,0.0,0.48,1.0,3,3661,-47.9,0.2,1.56,0.0,0.05,367,250,7145,0.1127,0.021,-0.191,0.091,-0.18,-5.85,623,-7013,-97,1424,1,7095,0.1127,0.019,-0.172,0.072,0.05,-5.98,637,-6969,38,1424,1,3202,0.0438,-0.006,-0.138,0.038,0.05,-5.98,611,-3349,14,2556,0,3159,0.0438,-0.008,-0.139,0.039,-0.12,-5.91,610,-3306,-39,2556,0
37.34,2,2021.0,485.71,-0.08,2798.08,90.0,-1.88,-0.01,0.0,0.0,0.94,1.0,3,3658,-49.0,0.2,1.57,0.0,-0.01,358,243,7074,0.1129,0.014,-0.14,0.04,-0.15,-5.88,640,-6896,-112,2386,0,7069,0.1129,0.011,-0.126,0.026,0.09,-5.94,649,-6826,71,2386,0,3169,0.0436,-0.008,-0.151,0.051,0.07,-5.96,666,-3288,21,385,1,3165,0.0436,-0.012,-0.151,0.051,-0.15,-5.88,666,-3284,-45,385,1
37.36,2,2021.5,485.71,-0.08,2798.57,88.7,-1.88,0.0,0.0,0.0,0.63,1.0,3,3543,-47.1,0.2,1.57,0.0,-0.07,350,236,6995,0.113,0.001,-0.175,0.075,-0.1,-5.93,617,-6883,-78,1391,1,6981,0.1129,0.001,-0.163,0.063,0.13,-5.9,626,-6866,80,1391,1,3151,0.0434,-0.012,-0.142,0.042,0.06,-5.97,589,-3298,19,2497,0,3139,0.0433,-0.011,-0.142,0.042,-0.13,-5.9,589,-3286,-37,2497,0
37.38,2,2022.0,485.72,-0.08,2799.06,87.4,-1.87,0.0,0.0,0.0,0.86,1.0,3,3534,-48.1,0.2,1.57,0.0,-0.11,341,229,6936,0.1128,-0.01,-0.146,0.046,-0.14,-5.89,607,-6801,-83,3115,0,6914,0.1127,-0.012,-0.134,0.034,0.09,-5.94,615,-6788,94,3115,0,3140,0.0432,-0.01,-0.155,0.055,0.03,-6.0,642,-3270,23,503,1,3122,0.0431,-0.012,-0.156,0.056,-0.12,-5.91,642,-3253,-39,503,1
37.4,2,2022.4,485.72,-0.08,2799.54,86.1,-1.86,0.0,0.0,0.0,0.88,1.0,3,3417,-46.2,0.2,1.57,0.0,-0.12,331,222,6868,0.1125,-0.014,-0.147,0.047,-0.14,-5.89,582,-6766,-54,4234,0,6879,0.1124,-0.015,-0.137,0.037,0.09,-5.94,589,-6763,114,4234,0,3135,0.043,-0.011,-0.145,0.045,0.05,-5.98,570,-3284,20,2280,0,3146,0.0429,-0.012,-0.145,0.045,-0.14,-5.89,570,-3294,-33,2280,0
37.42,2,2022.9,485.72,-0.08,2800.01,84.8,-1.86,0.0,0.0,0.0,0.53,1.0,3,3304,-46.3,0.2,1.56,0.01,-0.12,319,215,6852,0.1121,-0.017,-0.185,0.085,-0.13,-5.9,583,-6758,-51,1303,1,6831,0.112,-0.018,-0.178,0.078,0.12,-5.91,588,-6732,100,1303,1,3194,0.0429,-0.003,-0.179,0.079,0.08,-5.95,603,-3344,18,702,1,3176,0.0428,-0.004,-0.18,0.08,-0.1,-5.93,603,-3326,-41,702,1
37.44,2,2023.4,485.72,-0.08,2800.47,83.4,-1.86,0.0,0.0,0.0,0.9,1.0,3,3401,-47.1,0.2,1.56,0.0,-0.1,309,209,6841,0.1118,-0.016,-0.135,0.035,-0.01,-6.02,591,-6707,-46,2632,0,6851,0.1116,-0.019,-0.131,0.031,0.09,-5.94,595,-6721,95,2632,0,3191,0.043,0.004,-0.143,0.043,0.01,-6.02,609,-3308,10,1417,0,3201,0.0428,0.001,-0.154,0.054,-0.13,-5.9,619,-3321,-53,425,1
37.46,2,2023.8,485.72,-0.08,2800.93,82.1,-1.86,0.0,0.0,0.0,0.75,1.0,3,3226,-45.1,0.2,1.56,0.0,-0.05,299,202,6896,0.1115,-0.015,-0.161,0.061,-0.13,-5.9,581,-6793,-77,1330,1,6895,0.1115,-0.005,-0.155,0.055,0.09,-5.94,586,-6794,64,1330,1,3165,0.0428,-0.008,-0.161,0.061,0.02,-6.01,552,-3315,11,716,1,3164,0.0428,0.002,-0.161,0.061,-0.13,-5.9,552,-3314,-37,716,1
37.48,2,2024.3,485.72,-0.08,2801.38,80.8,-1.87,0.0,0.0,0.0,0.86,1.0,3,3223,-45.0,0.2,1.56,0.0,0.01,289,196,6980,0.1117,0.008,-0.152,0.052,-0.14,-5.89,581,-6858,-90,1118,1,6976,0.1116,0.006,-0.146,0.046,0.07,-5.96,552,-6845,70,3725,0,3159,0.0427,-0.008,-0.146,0.046,0.01,-6.02,537,-3305,12,2006,0,3157,0.0426,-0.011,-0.146,0.046,-0.13,-5.9,537,-3303,-44,2006,0
37.5,2,2024.7,485.72,-0.08,2801.82,79.5,-1.87,-0.01,0.0,0.0,0.41,1.0,3,3079,-44.9,0.2,1.57,0.01,0.0,280,189,7005,0.1119,0.01,-0.166,0.066,-0.15,-5.88,561,-6890,-95,1268,1,6981,0.1118,0.009,-0.154,0.054,0.09,-5.94,569,-6861,54,1268,1,3163,0.0426,-0.006,-0.201,0.101,0.05,-5.98,555,-3314,10,683,1,3141,0.0425,-0.008,-0.201,0.101,-0.11,-5.93,554,-3292,-35,683,1
37.52,2,2025.2,485.72,-0.08,2802.25,78.2,-1.82,-0.01,0.0,0.0,1.0,1.0,3,3224,-45.8,0.2,1.57,0.0,-0.09,271,183,6959,0.112,0.005,-0.069,-0.031,-0.12,-5.92,603,-6132,-149,2043,0,6974,0.1118,0.002,-0.066,-0.034,0.13,-5.9,603,-5985,97,2043,0,3154,0.0424,-0.006,-0.137,0.037,0.08,-5.95,582,-3259,22,1100,0,3166,0.0423,-0.009,-0.137,0.037,-0.07,-5.96,582,-3270,-49,1100,0
37.54,2,2025.6,485.72,-0.08,2802.68,76.9,-1.84,-0.01,0.0,0.0,0.6,1.0,3,3054,-43.7,0.2,1.58,0.0,-0.14,263,177,6967,0.1119,-0.004,-0.171,0.071,-0.13,-5.9,537,-6861,-86,1482,1,6950,0.1118,-0.001,-0.174,0.074,0.1,-5.93,535,-6842,65,1482,1,3144,0.0423,-0.006,-0.145,0.045,0.16,-5.87,500,-3292,22,2660,0,3129,0.0422,-0.003,-0.147,0.047,-0.12,-5.91,500,-3277,-37,2660,0
37.56,2,2026.0,485.72,-0.08,2803.1,75.6,-1.86,0.0,0.0,0.0,0.85,0.89,3,3072,-44.7,0.2,1.58,0.01,-0.17,255,171,6949,0.1119,0.0,-0.151,0.051,-0.08,-5.95,547,-6816,-78,893,1,6938,0.1118,-0.003,-0.156,0.056,0.12,-5.91,544,-6803,86,893,1,3107,0.0421,-0.012,-0.151,0.051,-0.01,-6.02,560,-3231,26,481,1,3100,0.0419,-0.015,-0.151,0.051,-0.16,-5.87,560,-3225,-45,481,1
37.58,2,2026.4,485.72,-0.08,2803.51,74.3,-1.85,0.0,0.0,0.0,0.44,0.76,3,2909,-43.6,0.2,1.59,0.01,-0.16,247,165,6933,0.1119,-0.001,-0.157,0.057,-0.05,-5.98,530,-6824,-60,1254,1,6927,0.1118,0.0,-0.163,0.063,0.16,-5.87,526,-6820,103,1254,1,3096,0.0418,-0.014,-0.199,0.099,0.04,-5.99,516,-3244,32,675,1,3090,0.0416,-0.013,-0.198,0.098,-0.15,-5.88,515,-3239,-41,675,1
37.6,2,2026.8,485.72,-0.08,2803.92,73.0,-1.83,0.0,0.0,0.0,1.0,0.63,3,2999,-43.6,0.2,1.59,0.0,-0.07,238,160,6900,0.1118,-0.006,-0.096,-0.004,-0.11,-5.92,546,-6468,-76,2191,0,6944,0.1117,0.0,-0.096,-0.004,0.14,-5.89,546,-6533,123,2191,0,3109,0.0415,-0.014,-0.125,0.025,-0.01,-6.02,513,-3229,15,1180,0,3147,0.0415,-0.008,-0.125,0.025,-0.18,-5.85,514,-3265,-59,1180,0
37.62,2,2027.2,485.72,-0.08,2804.32,71.7,-1.85,0.0,0.0,0.0,0.34,0.49,3,2780,-42.3,0.2,1.59,-0.01,0.02,229,154,6873,0.1116,-0.009,-0.201,0.101,0.06,-5.97,482,-6777,-44,1482,1,6915,0.1117,-0.003,-0.198,0.098,0.13,-5.91,485,-6812,78,1482,1,3122,0.0414,-0.003,-0.181,0.081,-0.01,-6.02,484,-3273,3,798,1,3159,0.0415,0.002,-0.179,0.079,-0.14,-5.89,484,-3309,-46,798,1
37.64,2,2027.6,485.72,-0.08,2804.71,70.5,-1.71,0.0,0.0,0.0,0.93,0.36,3,2830,-42.7,0.2,1.57,-0.01,0.03,221,149,6824,0.1113,-0.014,-0.025,-0.075,-0.09,-5.94,564,-3922,-152,1684,0,6833,0.1115,-0.009,-0.028,-0.072,0.06,-5.98,562,-3848,140,1684,0,3203,0.0414,-0.003,-0.155,0.055,0.0,-6.03,513,-3345,2,272,1,3211,0.0416,0.002,-0.152,0.052,-0.16,-5.87,514,-3350,-57,272,1
37.66,2,2028.0,485.72,-0.08,2805.09,69.2,-1.76,-0.01,0.0,0.0,0.77,0.23,3,2752,-42.1,0.2,1.56,-0.01,0.04,213,144,6789,0.1108,-0.024,-0.142,0.042,-0.13,-5.9,462,-6693,-85,4578,0,6806,0.111,-0.025,-0.142,0.042,0.13,-5.9,461,-6709,81,4578,0,3208,0.0417,0.018,-0.16,0.06,0.0,-6.03,481,-3354,7,739,1,3224,0.0419,0.017,-0.159,0.059,-0.17,-5.87,482,-3369,-47,739,1
37.68,2,2028.4,485.72,-0.08,2805.47,67.9,-1.85,0.0,0.0,0.0,0.67,0.09,3,2702,-41.8,0.2,1.56,-0.01,0.1,204,138,6793,0.1105,-0.015,-0.168,0.068,-0.05,-5.98,480,-6697,-68,1139,1,6872,0.1107,-0.013,-0.17,0.07,0.05,-5.98,480,-6766,75,1139,1,3162,0.0418,0.001,-0.173,0.073,0.01,-6.02,476,-3308,10,613,1,3230,0.042,0.003,-0.147,0.047,-0.16,-5.87,468,-3371,-51,2044,0
37.7,2,2028.7,485.72,-0.08,2805.84,66.6,-1.85,0.0,0.0,0.0,0.87,0.08,2,2672,-41.4,0.2,1.56,-0.01,0.13,196,133,6878,0.1104,-0.005,-0.134,0.034,-0.18,-5.85,463,-6758,-114,3326,0,6897,0.1108,0.004,-0.13,0.03,0.04,-5.99,465,-6768,46,3326,0,3159,0.0416,-0.007,-0.149,0.049,0.02,-6.01,458,-3298,14,1791,0,3174,0.042,0.002,-0.153,0.053,-0.11,-5.92,472,-3316,-41,537,1
37.72,2,2029.1,485.72,-0.08,2806.2,65.3,-1.86,-0.01,0.0,0.0,0.24,0.38,2,2891,-42.8,0.2,1.57,-0.01,0.12,189,128,6918,0.1106,0.006,-0.158,0.058,-0.19,-5.84,467,-6806,-117,1294,1,6940,0.1109,0.004,-0.151,0.051,0.04,-5.99,470,-6833,30,1294,1,3140,0.0415,-0.005,-0.221,0.121,0.04,-5.99,414,-3291,10,697,1,3157,0.0419,-0.007,-0.214,0.114,-0.1,-5.93,417,-3308,-34,697,1
37.74,2,2029.5,485.72,-0.08,2806.56,64.4,-1.35,-0.01,0.0,0.0,0.55,0.68,2,3311,-45.6,0.2,1.54,-0.01,-0.01,182,124,6719,0.1105,-0.004,-0.07,-0.03,-0.18,-5.85,494,-3154,-209,1184,0,6742,0.1108,-0.003,-0.072,-0.028,0.11,-5.92,493,-3338,89,1184,0,3320,0.0415,0.001,-0.205,0.105,0.01,-6.02,413,-3456,10,191,1,3339,0.0419,0.002,-0.204,0.104,-0.11,-5.92,413,-3475,-26,191,1
37.76,2,2029.8,485.72,-0.08,2806.91,63.1,-1.75,-0.01,0.0,0.0,0.76,0.98,2,3581,-47.9,0.2,1.53,-0.01,-0.04,175,119,6789,0.1098,-0.034,-0.136,0.036,-0.15,-5.88,445,-6627,-109,2701,0,6791,0.1102,-0.034,-0.134,0.034,0.07,-5.96,446,-6624,67,2701,0,3266,0.0423,0.038,-0.175,0.075,0.06,-5.97,432,-3416,16,436,1,3266,0.0426,0.037,-0.176,0.076,-0.15,-5.88,432,-3416,-33,436,1
37.78,2,2030.2,485.72,-0.08,2807.26,61.8,-1.86,-0.01,0.0,0.0,0.23,1.0,2,3511,-48.0,0.2,1.53,-0.01,-0.06,168,114,6846,0.1098,-0.001,-0.174,0.074,-0.14,-5.89,436,-6741,-89,1122,1,6856,0.1101,-0.003,-0.173,0.073,0.08,-5.95,437,-6747,63,1122,1,3202,0.0423,-0.001,-0.229,0.129,0.01,-6.02,435,-3353,14,604,1,3210,0.0426,-0.003,-0.229,0.129,-0.14,-5.89,435,-3360,-36,604,1
37.8,2,2030.5,485.72,-0.08,2807.59,60.8,-1.35,0.0,0.0,0.0,0.84,1.0,2,3573,-48.4,0.2,1.51,-0.01,-0.07,162,111,6691,0.1097,-0.003,-0.074,-0.026,-0.03,-6.0,464,-2919,-141,1158,0,6698,0.11,-0.003,-0.074,-0.026,0.1,-5.93,464,-3000,137,1158,0,3362,0.0423,0.001,-0.173,0.073,0.02,-6.01,463,-3488,19,187,1,3366,0.0426,0.001,-0.172,0.072,-0.15,-5.88,463,-3492,-46,187,1
37.82,2,2030.8,485.72,-0.08,2807.93,59.6,-1.77,0.0,0.0,0.0,0.4,1.0,2,3372,-47.0,0.2,1.5,-0.01,-0.06,155,106,6784,0.1091,-0.033,-0.198,0.098,-0.12,-5.91,407,-6695,-77,1249,1,6777,0.1094,-0.033,-0.196,0.096,0.13,-5.9,408,-6687,76,1249,1,3270,0.043,0.033,-0.208,0.108,0.05,-5.98,430,-3420,16,673,1,3262,0.0433,0.033,-0.208,0.108,-0.1,-5.93,430,-3412,-30,673,1
37.84,2,2031.1,485.72,-0.08,2808.25,58.3,-1.77,0.0,0.0,0.0,1.0,1.0,2,3535,-48.0,0.2,1.5,-0.01,-0.07,149,102,6777,0.109,-0.001,-0.052,-0.048,-0.12,-5.91,455,-5475,-125,1987,0,6768,0.1093,-0.005,-0.052,-0.048,0.11,-5.92,455,-5440,144,1987,0,3229,0.0428,-0.005,-0.13,0.03,0.04,-5.99,454,-3302,28,1070,0,3220,0.0431,-0.009,-0.13,0.03,-0.1,-5.93,454,-3292,-36,1070,0
37.86,2,2031.5,485.72,-0.08,2808.57,57.1,-1.8,0.0,0.0,0.0,0.17,1.0,2,3341,-45.7,0.2,1.5,-0.01,-0.1,143,98,6815,0.109,-0.003,-0.223,0.123,-0.13,-5.9,376,-6727,-63,1482,1,6806,0.1091,-0.009,-0.133,0.033,0.09,-5.94,375,-6708,81,4940,0,3175,0.0428,-0.004,-0.092,-0.008,0.08,-5.95,375,-3317,25,2660,0,3166,0.0429,-0.01,-0.093,-0.007,-0.16,-5.87,375,-3309,-33,2660,0
37.88,2,2031.8,485.72,-0.08,2808.88,56.2,-1.19,0.0,0.0,0.0,1.0,1.0,2,3512,-47.4,0.2,1.48,0.0,-0.09,137,95,6608,0.1089,-0.005,-0.091,-0.009,-0.11,-5.92,420,-1818,-140,824,0,6594,0.109,-0.007,-0.088,-0.012,0.1,-5.93,422,-1810,152,824,0,3381,0.0427,-0.005,-0.094,-0.006,0.03,-6.01,424,-3391,32,443,0,3369,0.0427,-0.007,-0.092,-0.008,-0.17,-5.86,424,-3370,-42,443,0
37.9,2,2032.1,485.72,-0.08,2809.18,55.0,-1.74,0.0,0.0,0.0,0.84,1.0,2,3262,-45.1,0.2,1.47,0.0,-0.14,131,91,6690,0.108,-0.043,-0.132,0.032,-0.11,-5.92,360,-6605,-69,4940,0,6679,0.1081,-0.044,-0.133,0.033,0.12,-5.91,359,-6594,88,4940,0,3267,0.0434,0.038,-0.114,0.014,0.02,-6.01,350,-3401,25,2660,0,3256,0.0435,0.037,-0.114,0.014,-0.13,-5.9,350,-3390,-40,2660,0
37.92,2,2032.4,485.72,-0.08,2809.48,53.7,-1.85,0.0,0.0,0.0,0.2,1.0,2,3007,-44.4,0.2,1.47,0.0,-0.13,125,86,6772,0.108,0.001,-0.188,0.088,-0.12,-5.91,373,-6685,-60,1248,1,6781,0.108,-0.002,-0.19,0.09,0.1,-5.93,372,-6694,81,1248,1,3190,0.0432,-0.011,-0.221,0.121,0.07,-5.96,386,-3341,19,672,1,3196,0.0432,-0.014,-0.22,0.12,-0.04,-5.99,386,-3347,-37,672,1
37.94,2,2032.7,485.72,-0.08,2809.78,52.8,-1.21,0.0,0.0,0.0,1.0,1.0,2,3139,-44.8,0.2,1.45,-0.01,-0.06,120,84,6564,0.1079,-0.006,-0.105,0.005,-0.11,-5.92,394,-3481,-122,968,0,6603,0.1081,0.001,-0.106,0.006,0.15,-5.88,393,-3442,167,968,0,3390,0.0431,-0.007,-0.138,0.038,0.04,-5.99,378,-3516,21,521,0,3423,0.0432,0.001,-0.137,0.037,-0.18,-5.85,379,-3547,-54,521,0
37.96,2,2033.0,485.72,-0.08,2810.06,51.6,-1.78,0.0,0.0,0.0,0.0,1.0,2,2912,-43.8,0.2,1.44,-0.01,0.01,114,80,6673,0.1072,-0.036,-0.222,0.122,-0.13,-5.9,340,-6601,-58,1482,1,6717,0.1074,-0.033,-0.22,0.12,0.11,-5.92,341,-6638,81,1482,1,3305,0.0438,0.037,-0.247,0.147,0.0,-6.03,360,-3455,8,798,1,3338,0.044,0.04,-0.245,0.145,-0.13,-5.9,360,-3487,-45,798,1
37.98,2,2033.2,485.72,-0.08,2810.35,51.0,-0.77,0.0,0.0,0.0,1.0,1.0,2,3329,-46.6,0.2,1.38,-0.01,0.08,110,78,6335,0.1068,-0.017,-0.118,0.018,-0.16,-5.87,374,-84,-158,0,0,6362,0.1071,-0.015,-0.119,0.019,0.05,-5.98,374,-245,134,0,0,3670,0.0442,0.018,-0.066,-0.034,0.03,-6.0,442,-3149,17,0,0,3692,0.0444,0.021,-0.064,-0.036,-0.09,-5.94,442,-3151,-91,0,0
38.0,2,2033.5,485.72,-0.08,2810.62,49.9,-1.65,-0.01,0.0,0.0,0.05,1.0,2,2951,-44.0,0.2,1.36,-0.01,0.16,104,74,6465,0.1054,-0.073,-0.199,0.099,-0.18,-5.85,339,-6421,-75,1482,1,6481,0.1057,-0.071,-0.193,0.093,0.18,-5.85,341,-6435,81,1482,1,3541,0.0459,0.085,-0.234,0.134,0.04,-5.99,356,-3642,17,798,1,3553,0.0462,0.087,-0.233,0.133,-0.11,-5.92,356,-3659,-57,798,1
38.02,2,2033.8,485.72,-0.08,2810.9,49.3,-0.85,-0.01,0.0,0.0,1.0,1.0,2,3243,-45.0,0.2,1.3,-0.01,0.17,100,72,6209,0.1049,-0.025,-0.129,0.029,-0.14,-5.89,358,-1363,-187,233,0,6249,0.1052,-0.026,-0.129,0.029,0.11,-5.92,359,-1665,109,233,0,3779,0.0464,0.028,0.026,-0.074,0.04,-5.99,396,-2880,30,125,0,3812,0.0467,0.027,0.026,-0.074,-0.13,-5.9,396,-2885,-91,125,0
38.04,2,2034.1,485.73,-0.08,2811.17,48.1,-1.7,-0.01,0.0,0.0,0.38,1.0,2,2817,-43.1,0.2,1.28,-0.01,0.19,94,69,6412,0.1036,-0.065,-0.198,0.098,-0.13,-5.91,327,-6373,-78,1482,1,6448,0.104,-0.06,-0.188,0.088,0.11,-5.92,331,-6403,55,1482,1,3579,0.0479,0.073,-0.191,0.091,0.15,-5.88,361,-3691,27,798,1,3608,0.0483,0.077,-0.19,0.09,-0.13,-5.91,361,-3716,-47,798,1
38.06,2,2034.3,485.73,-0.08,2811.43,46.9,-1.71,-0.01,0.0,0.0,1.0,1.0,2,3040,-44.5,0.2,1.27,-0.02,0.11,89,66,6512,0.1035,-0.002,-0.034,-0.066,-0.01,-6.03,369,-4667,-155,1888,0,6553,0.104,0.002,-0.044,-0.056,0.02,-6.01,366,-4524,77,1888,0,3476,0.0478,-0.002,-0.072,-0.028,0.05,-5.98,394,-2964,39,1017,0,3510,0.0483,0.002,-0.072,-0.028,-0.14,-5.89,394,-2972,-72,1017,0
38.08,2,2034.6,485.73,-0.08,2811.68,45.6,-1.71,-0.01,0.0,0.0,0.0,1.0,2,2681,-42.1,0.2,1.27,-0.02,0.09,85,62,6562,0.1035,-0.004,-0.189,0.089,-0.11,-5.92,315,-6506,-65,1482,1,6613,0.104,-0.001,-0.201,0.101,0.12,-5.91,310,-6546,53,1482,1,3394,0.0478,0.0,-0.251,0.151,0.13,-5.9,321,-3507,30,798,1,3435,0.0484,0.003,-0.25,0.15,-0.11,-5.92,321,-3545,-51,798,1
38.1,2,2034.8,485.73,-0.08,2811.93,45.2,-0.68,0.0,0.0,0.0,1.0,1.0,2,3069,-44.1,0.2,1.22,-0.02,0.15,82,61,6255,0.1033,-0.009,-0.153,0.053,-0.01,-6.02,322,-1227,-100,0,0,6294,0.1039,-0.005,-0.153,0.053,0.09,-5.94,322,-1162,147,0,0,3747,0.0479,0.004,-0.003,-0.097,0.06,-5.97,349,-2250,66,0,0,3779,0.0485,0.008,-0.003,-0.097,-0.13,-5.9,349,-2235,-81,0,0
38.12,2,2035.1,485.73,-0.08,2812.18,44.0,-1.64,0.0,0.0,0.0,0.27,1.0,2,2645,-41.3,0.2,1.21,-0.02,0.16,78,58,6415,0.1022,-0.056,-0.218,0.118,-0.13,-5.9,293,-6375,-59,1482,1,6467,0.1028,-0.056,-0.214,0.114,0.11,-5.92,294,-6421,63,1482,1,3560,0.0494,0.071,-0.128,0.028,0.07,-5.96,292,-3621,38,2660,0,3602,0.05,0.072,-0.128,0.028,-0.12,-5.91,292,-3656,-47,2660,0
38.14,2,2035.3,485.73,-0.08,2812.42,43.0,-1.41,0.0,0.0,0.0,1.0,1.0,2,2562,-40.8,0.2,1.19,-0.03,0.14,74,55,6395,0.1022,0.001,-0.098,-0.002,-0.12,-5.91,314,-2222,-107,1329,0,6477,0.1029,0.008,-0.105,0.005,0.03,-6.0,312,-2480,83,1329,0,3555,0.0492,-0.01,-0.136,0.036,0.15,-5.88,306,-3616,44,715,0,3622,0.0499,-0.003,-0.132,0.032,-0.1,-5.93,307,-3670,-47,715,0
38.16,2,2035.5,485.73,-0.08,2812.65,41.8,-1.78,0.0,0.0,0.0,0.57,1.0,2,2434,-39.2,0.2,1.21,-0.03,0.2,69,52,6620,0.102,-0.008,-0.177,0.077,-0.18,-5.86,293,-6556,-80,1482,1,6687,0.1029,-0.002,-0.165,0.065,0.03,-6.0,297,-6614,43,1482,1,3407,0.0494,0.01,-0.073,-0.027,0.08,-5.95,268,-3548,33,2660,0,3461,0.0502,0.016,-0.07,-0.03,-0.09,-5.94,269,-3600,-37,2660,0
38.18,2,2035.8,485.73,-0.08,2812.87,40.4,-1.86,0.0,0.0,0.0,0.71,1.0,2,2489,-39.6,0.2,1.23,-0.03,0.2,66,49,6767,0.1028,0.038,-0.12,0.02,-0.18,-5.85,286,-6648,-117,2829,0,6829,0.1037,0.041,-0.173,0.073,0.03,-6.0,294,-6700,47,849,1,3280,0.0487,-0.033,-0.045,-0.055,0.11,-5.92,281,-3360,44,1523,0,3329,0.0496,-0.03,-0.044,-0.056,-0.07,-5.97,281,-3403,-42,1523,0
38.2,2,2036.0,485.73,-0.08,2813.09,39.1,-1.85,0.0,0.0,0.0,0.7,0.97,2,2394,-39.1,0.2,1.27,-0.04,0.19,62,46,6855,0.1036,0.043,-0.108,0.008,-0.19,-5.84,272,-6747,-114,3524,0,6926,0.1046,0.045,-0.173,0.073,0.06,-5.97,282,-6796,47,1057,1,3200,0.0479,-0.041,-0.093,-0.007,0.1,-5.93,251,-3320,40,1898,0,3256,0.0488,-0.039,-0.09,-0.01,0.06,-5.98,251,-3372,-31,1898,0
38.22,2,2036.2,485.73,-0.08,2813.3,37.8,-1.86,0.0,0.0,0.0,0.52,0.84,2,2276,-39.2,0.2,1.31,-0.04,0.17,59,43,6927,0.1045,0.045,-0.183,0.083,-0.19,-5.84,270,-6812,-117,1037,1,6986,0.1055,0.048,-0.142,0.042,0.03,-6.0,252,-6864,36,3458,0,3141,0.047,-0.045,-0.194,0.094,0.19,-5.84,287,-3255,41,559,1,3188,0.048,-0.042,-0.193,0.093,0.0,-6.03,287,-3298,-31,559,1
38.24,2,2036.4,485.73,-0.08,2813.5,36.5,-1.84,0.0,0.0,0.0,1.0,0.71,2,2223,-38.7,0.2,1.35,-0.04,0.14,55,40,6955,0.1054,0.043,-0.094,-0.006,-0.18,-5.85,269,-6774,-132,2571,0,7023,0.1064,0.045,-0.144,0.044,0.04,-5.99,254,-6834,47,2571,0,3103,0.0461,-0.045,-0.14,0.04,0.2,-5.84,279,-3148,52,1385,0,3159,0.0472,-0.042,-0.14,0.04,-0.1,-5.93,279,-3194,-35,1385,0
38.26,2,2036.6,485.73,-0.08,2813.7,35.2,-1.85,0.0,0.0,0.0,0.0,0.57,2,2001,-37.0,0.2,1.38,-0.05,0.14,52,37,6959,0.1061,0.039,-0.149,0.049,-0.07,-5.96,213,-6854,-90,4921,0,7050,0.1073,0.043,-0.187,0.087,0.09,-5.94,246,-6935,55,1476,1,3079,0.0452,-0.043,-0.281,0.181,0.11,-5.92,232,-3228,33,795,1,3152,0.0464,-0.038,-0.278,0.178,-0.07,-5.96,233,-3301,-25,795,1
38.28,2,2036.8,485.73,-0.08,2813.89,34.8,-0.63,0.0,0.0,0.0,0.27,0.44,2,2331,-38.9,0.2,1.35,-0.05,-0.04,50,36,6486,0.1064,0.01,-0.241,0.141,-0.15,-5.88,216,707,-159,0,0,6546,0.1076,0.015,-0.255,0.155,0.07,-5.96,227,-2951,139,0,0,3561,0.045,-0.013,-0.017,-0.083,0.05,-5.98,281,-3117,48,0,0,3610,0.0462,-0.008,-0.015,-0.085,-0.14,-5.89,282,-3116,-67,0,0
38.3,2,2037.0,485.73,-0.08,2814.08,33.9,-1.15,0.0,0.0,0.0,1.0,0.31,2,2276,-38.8,0.2,1.32,-0.05,0.01,47,34,6465,0.1051,-0.064,-0.028,-0.072,-0.13,-5.91,269,-2989,-157,1356,0,6516,0.1063,-0.065,-0.047,-0.053,0.09,-5.94,263,-2990,127,1356,0,3603,0.0465,0.078,-0.056,-0.044,0.07,-5.96,274,-1668,69,730,0,3641,0.0478,0.077,-0.056,-0.044,-0.05,-5.98,274,-1683,-67,730,0
38.32,2,2037.2,485.73,-0.08,2814.26,32.8,-1.62,0.0,0.0,0.0,0.42,0.17,2,1958,-36.5,0.2,1.31,-0.04,0.1,44,32,6575,0.1045,-0.028,-0.17,0.07,-0.06,-5.97,233,-6505,-77,1482,1,6617,0.1057,-0.031,-0.165,0.065,0.15,-5.88,234,-6543,71,1482,1,3499,0.0474,0.041,-0.125,0.025,0.08,-5.95,223,-3556,43,2660,0,3532,0.0485,0.038,-0.171,0.071,-0.12,-5.92,238,-3598,-42,798,1
38.34,2,2037.3,485.73,-0.08,2814.44,31.6,-1.77,0.0,0.0,0.0,1.0,0.04,2,1958,-36.4,0.2,1.31,-0.04,0.08,41,30,6702,0.1048,0.015,-0.048,-0.052,-0.17,-5.86,246,-5729,-147,2089,0,6753,0.106,0.014,-0.044,-0.056,0.15,-5.89,246,-5599,107,2089,0,3382,0.0472,-0.01,-0.099,-0.001,0.08,-5.95,234,-3305,51,1125,0,3421,0.0483,-0.012,-0.098,-0.002,-0.11,-5.92,234,-3321,-45,1125,0
38.36,2,2037.5,485.73,-0.08,2814.6,30.3,-1.81,0.0,0.0,0.0,0.08,0.06,1,1922,-36.1,0.2,1.33,-0.04,0.07,38,27,6807,0.1052,0.021,-0.201,0.101,-0.17,-5.87,209,-6718,-86,1482,1,6849,0.1064,0.02,-0.199,0.099,0.04,-5.99,209,-6755,53,1482,1,3287,0.0468,-0.016,-0.224,0.124,0.18,-5.85,195,-3430,38,798,1,3319,0.048,-0.016,-0.214,0.114,0.0,-6.03,197,-3464,-26,798,1
38.38,2,2037.7,485.73,-0.08,2814.77,29.8,-0.63,0.0,0.0,0.0,0.0,0.16,1,1999,-36.6,0.2,1.29,-0.04,-0.02,36,27,6392,0.1054,0.007,-0.277,0.177,-0.13,-5.9,192,-4506,-148,412,0,6417,0.1065,0.005,-0.276,0.176,0.06,-5.97,193,-4591,90,412,0,3687,0.0467,-0.004,-0.048,-0.052,0.09,-5.94,225,-295,83,222,0,3704,0.0478,-0.007,-0.055,-0.045,-0.1,-5.94,223,-293,-67,222,0
38.4,2,2037.8,485.73,-0.08,2814.93,29.4,-0.59,0.0,0.0,0.0,1.0,0.26,1,2195,-38.0,0.2,1.23,-0.04,-0.05,35,26,6162,0.1038,-0.08,-0.143,0.043,-0.07,-5.96,220,-2641,-140,0,0,6167,0.1047,-0.086,-0.143,0.043,0.15,-5.88,220,-2708,123,0,0,3921,0.0487,0.098,-0.087,-0.013,0.14,-5.89,222,-3587,61,0,0,3922,0.0497,0.091,-0.087,-0.013,-0.14,-5.89,222,-3582,-64,0,0
38.42,2,2038.0,485.73,-0.08,2815.09,28.2,-1.76,0.0,0.0,0.0,0.0,0.21,1,2349,-39.1,0.2,1.21,-0.04,-0.01,32,24,6425,0.1027,-0.055,-0.242,0.142,-0.12,-5.91,184,-6379,-64,1482,1,6475,0.1036,-0.056,-0.231,0.131,0.18,-5.85,187,-6429,67,1482,1,3617,0.05,0.063,-0.309,0.209,0.07,-5.97,158,-3751,26,798,1,3656,0.0509,0.063,-0.307,0.207,-0.08,-5.95,158,-3790,-26,798,1
38.44,2,2038.1,485.73,-0.08,2815.24,27.7,-0.64,0.0,0.0,0.0,0.0,0.29,1,2541,-40.4,0.2,1.16,-0.04,-0.05,30,23,6134,0.1025,-0.008,-0.337,0.237,-0.12,-5.91,158,-1430,-125,0,0,6166,0.1035,-0.007,-0.346,0.246,0.08,-5.95,156,-1388,126,0,0,3904,0.0501,0.007,0.027,-0.073,0.07,-5.96,232,-3004,65,0,0,3928,0.0511,0.008,0.026,-0.074,-0.13,-5.91,232,-2957,-72,0,0
38.46,2,2038.3,485.73,-0.08,2815.4,27.2,-0.68,0.0,0.0,0.0,1.0,0.31,1,2750,-41.9,0.2,1.09,-0.03,-0.04,29,22,6015,0.1009,-0.079,-0.163,0.063,-0.02,-6.01,193,-898,-113,0,0,6033,0.1018,-0.082,-0.167,0.067,0.19,-5.84,191,-815,128,0,0,4025,0.0519,0.091,-0.14,0.04,0.07,-5.97,193,-3971,51,0,0,4038,0.0528,0.088,-0.139,0.039,-0.15,-5.88,193,-3981,-62,0,0
38.48,2,2038.4,485.73,-0.08,2815.54,26.0,-1.72,0.0,0.0,0.0,0.0,0.27,1,2662,-41.6,0.2,1.08,-0.03,-0.19,26,20,6329,0.0999,-0.051,-0.147,0.047,-0.01,-6.02,147,-6292,-53,4940,0,6372,0.1008,-0.052,-0.27,0.17,0.09,-5.94,165,-6322,73,1482,1,3700,0.0531,0.058,-0.271,0.171,0.03,-6.0,179,-3838,31,798,1,3733,0.054,0.056,-0.269,0.169,-0.18,-5.85,179,-3870,-52,798,1
38.5,2,2038.6,485.73,-0.08,2815.68,25.7,-0.5,0.0,0.0,0.0,0.0,0.33,1,2851,-42.6,0.2,1.03,-0.03,-0.17,25,20,6034,0.0999,0.0,-0.344,0.244,-0.01,-6.02,132,1784,-65,0,0,6044,0.1008,0.001,-0.37,0.27,0.12,-5.91,140,-1439,153,0,0,4012,0.0531,0.0,-0.077,-0.023,0.07,-5.96,200,-2167,49,0,0,4018,0.054,0.001,-0.077,-0.023,-0.12,-5.91,200,-2182,-129,0,0
38.52,2,2038.7,485.73,-0.08,2815.82,25.3,-0.49,0.0,0.0,0.0,1.0,0.39,1,2947,-43.3,0.2,0.96,-0.03,-0.05,24,19,5900,0.0983,-0.079,-0.164,0.064,-0.05,-5.98,170,1327,-48,0,0,5901,0.0991,-0.085,-0.191,0.091,0.08,-5.95,173,-845,165,0,0,4149,0.055,0.095,-0.026,-0.074,0.09,-5.94,187,-1381,58,0,0,4148,0.0557,0.089,-0.026,-0.074,-0.12,-5.91,187,-1378,-125,0,0
38.54,2,2038.9,485.73,-0.08,2815.96,24.3,-1.5,0.0,0.0,0.0,0.0,0.31,1,2604,-41.1,0.2,0.94,-0.03,0.16,22,17,6161,0.0971,-0.061,-0.176,0.076,-0.04,-5.99,172,-6136,-43,1482,1,6178,0.0978,-0.066,-0.318,0.218,0.18,-5.85,143,-6151,76,1482,1,3882,0.0565,0.076,-0.11,0.01,0.11,-5.92,152,-3865,45,2660,0,3895,0.0572,0.071,-0.109,0.009,-0.16,-5.87,152,-3873,-76,2660,0
38.56,2,2039.0,485.73,-0.08,2816.09,23.9,-0.54,0.0,0.0,0.0,0.0,0.34,1,2767,-42.0,0.2,0.89,-0.02,0.22,21,17,5908,0.097,-0.004,-0.395,0.295,-0.26,-5.77,132,-2973,-181,0,0,5930,0.0977,-0.003,-0.394,0.294,-0.03,-6.01,118,385,42,0,0,4085,0.0565,0.0,0.103,0.003,0.17,-5.86,206,-1824,112,0,0,4103,0.0572,0.001,0.105,0.005,0.13,-5.9,206,-1755,-72,0,0
38.58,2,2039.1,485.73,-0.08,2816.22,23.7,-0.3,-0.01,0.0,0.0,0.91,0.37,1,2761,-42.3,0.2,0.82,-0.02,0.07,20,17,5742,0.0955,-0.075,-0.213,0.113,-0.19,-5.84,161,-1509,-199,0,0,5756,0.0962,-0.078,-0.193,0.093,-0.04,-6.0,156,646,2,0,0,4259,0.0581,0.082,-0.039,-0.061,0.14,-5.89,214,-852,141,0,0,4268,0.0588,0.08,-0.039,-0.061,-0.09,-5.94,214,-827,-56,0,0
38.6,2,2039.2,485.73,-0.08,2816.35,22.7,-1.36,0.0,0.0,0.0,0.0,0.29,1,2480,-40.3,0.2,0.81,-0.03,-0.16,18,15,6010,0.0942,-0.066,-0.202,0.102,-0.09,-5.94,157,-5974,-88,1347,1,6063,0.0949,-0.066,-0.271,0.171,0.11,-5.92,145,-6048,27,1347,1,3955,0.0596,0.074,-0.216,0.116,0.13,-5.9,171,-3790,92,725,1,3994,0.0603,0.074,-0.215,0.115,-0.19,-5.84,171,-3824,-68,725,1
38.62,2,2039.4,485.73,-0.08,2816.48,22.4,-0.43,0.0,0.0,0.0,0.0,0.28,1,2642,-41.1,0.2,0.76,-0.02,-0.23,18,15,5783,0.0941,-0.005,-0.403,0.303,-0.02,-6.01,123,-3072,-100,0,0,5807,0.0948,-0.002,-0.436,0.336,0.11,-5.92,110,-1187,96,0,0,4196,0.0595,-0.004,0.013,-0.087,0.04,-5.99,177,-1179,115,0,0,4216,0.0602,-0.001,0.013,-0.087,-0.12,-5.91,177,-1177,-108,0,0
38.64,2,2039.5,485.73,-0.08,2816.6,22.2,-0.25,0.0,0.0,0.0,0.92,0.21,1,2616,-41.0,0.2,0.69,-0.02,-0.12,17,15,5648,0.0927,-0.07,-0.224,0.124,-0.06,-5.97,150,-1587,-62,0,0,5663,0.0934,-0.072,-0.223,0.123,0.14,-5.89,144,-76,115,0,0,4356,0.0612,0.083,-0.024,-0.076,0.06,-5.97,181,-1243,107,0,0,4365,0.0619,0.081,-0.024,-0.076,-0.19,-5.84,181,-1235,-132,0,0
38.66,2,2039.6,485.73,-0.08,2816.72,21.2,-1.48,0.0,0.0,0.0,0.0,0.11,1,2400,-39.6,0.2,0.69,-0.02,-0.08,15,13,6006,0.0917,-0.051,-0.232,0.132,-0.09,-5.95,142,-5987,-29,1364,1,6050,0.0923,-0.053,-0.29,0.19,0.11,-5.92,132,-6034,71,1364,1,3975,0.0624,0.062,-0.083,-0.017,0.28,-5.76,151,-3735,79,2448,0,4011,0.0631,0.06,-0.081,-0.019,0.06,-5.97,152,-3764,-92,2448,0
38.68,2,2039.7,485.73,-0.08,2816.84,21.1,-0.05,0.0,0.0,0.0,0.0,0.07,1,2364,-39.3,0.2,0.64,-0.02,0.0,15,13,5647,0.0918,0.005,-0.457,0.357,-0.16,-5.87,106,-2522,-65,0,0,5663,0.0925,0.008,-0.467,0.367,0.02,-6.01,99,-1224,107,0,0,4355,0.0622,-0.012,-0.072,-0.028,0.14,-5.89,163,-669,114,0,0,4365,0.0629,-0.009,-0.073,-0.027,-0.19,-5.85,163,-686,-130,0,0
38.7,2,2039.8,485.73,-0.08,2816.95,21.0,-0.2,0.0,0.0,0.0,0.75,0.0,1,2333,-39.1,0.2,0.57,-0.02,0.08,14,13,5549,0.0903,-0.077,-0.253,0.153,0.09,-5.94,133,-863,-90,0,0,5556,0.0908,-0.082,-0.241,0.141,0.3,-5.73,131,124,111,0,0,4463,0.0641,0.096,-0.013,-0.087,0.08,-5.95,171,257,116,0,0,4468,0.0647,0.09,-0.012,-0.088,-0.17,-5.86,171,265,-143,0,0
38.72,2,2040.0,485.73,-0.08,2817.06,20.0,-1.41,0.0,0.0,0.0,0.46,0.0,1,2271,-38.6,0.2,0.57,-0.02,0.08,13,12,5909,0.0892,-0.053,-0.196,0.096,-0.09,-5.95,143,-5806,-64,1107,1,5958,0.0898,-0.053,-0.224,0.124,0.12,-5.91,139,-5905,53,1107,1,4064,0.0654,0.064,-0.179,0.079,0.12,-5.91,145,-3993,84,596,1,4103,0.066,0.064,-0.175,0.075,-0.16,-5.87,146,-4025,-94,596,1
38.74,2,2040.1,485.73,-0.08,2817.17,18.8,-1.67,0.0,0.0,0.0,0.98,0.0,1,2210,-38.2,0.2,0.61,-0.03,0.02,12,11,6192,0.0901,0.045,-0.061,-0.039,-0.11,-5.92,142,-6031,-68,2289,0,6259,0.0908,0.051,-0.114,0.014,0.01,-6.02,133,-5954,48,2289,0,3754,0.0642,-0.061,-0.146,0.046,0.23,-5.8,129,-2812,104,1232,0,3809,0.0649,-0.055,-0.154,0.054,-0.19,-5.84,139,-2855,-112,370,1
38.76,2,2040.2,485.73,-0.08,2817.27,17.6,-1.79,0.0,0.0,0.0,0.0,0.0,1,2150,-37.8,0.2,0.67,-0.03,0.04,11,9,6438,0.0913,0.059,-0.329,0.229,-0.09,-5.94,105,-6396,-46,1454,1,6521,0.0922,0.068,-0.374,0.274,0.09,-5.94,99,-6471,31,1454,1,3458,0.0625,-0.083,-0.156,0.056,0.23,-5.8,127,-3544,77,783,1,3528,0.0634,-0.074,-0.209,0.109,-0.17,-5.86,120,-3621,-62,783,1
38.78,2,2040.3,485.73,-0.08,2817.36,17.7,0.19,0.0,0.0,0.0,0.0,0.0,1,2097,-37.4,0.2,0.64,-0.03,0.13,11,9,5869,0.0922,0.043,-0.674,0.574,-0.14,-5.89,47,97,-119,0,0,5905,0.0931,0.047,-0.664,0.564,-0.04,-5.99,49,-24,50,0,0,4097,0.0613,-0.062,-0.401,0.301,0.19,-5.84,86,347,151,0,0,4124,0.0622,-0.059,-0.395,0.295,-0.16,-5.87,86,664,-104,0,0
38.8,2,2040.4,485.73,-0.08,2817.46,17.5,-0.25,0.0,0.0,0.0,0.52,0.0,1,2038,-37.0,0.2,0.6,-0.03,0.03,10,9,5740,0.0908,-0.068,-0.331,0.231,-0.1,-5.93,88,2254,-101,0,0,5749,0.0916,-0.072,-0.341,0.241,-0.03,-6.0,88,1835,44,0,0,4242,0.0629,0.082,-0.089,-0.011,0.19,-5.84,123,2163,136,0,0,4245,0.0638,0.078,-0.074,-0.026,-0.06,-5.97,125,2283,-113,0,0
38.82,2,2040.5,485.73,-0.08,2817.55,16.6,-1.33,0.0,0.0,0.0,1.0,0.0,1,1980,-36.6,0.2,0.61,-0.03,0.09,9,8,6007,0.0898,-0.051,-0.099,-0.001,-0.21,-5.82,115,-5744,-81,2546,0,6041,0.0905,-0.056,-0.075,-0.025,-0.03,-6.0,118,-5706,30,2546,0,3933,0.0642,0.064,-0.08,-0.02,0.22,-5.81,124,-3647,104,1371,0,3960,0.0649,0.058,-0.139,0.039,-0.03,-6.0,116,-3780,-72,1371,0
38.84,2,2040.5,485.73,-0.08,2817.64,15.3,-1.82,0.0,0.0,0.0,0.0,0.0,1,1922,-36.2,0.2,0.66,-0.02,0.0,8,7,6324,0.0908,0.051,-0.243,0.143,-0.18,-5.85,102,-6296,-65,1482,1,6316,0.0915,0.049,-0.204,0.104,0.18,-5.85,107,-6289,32,1482,1,3607,0.0628,-0.069,-0.287,0.187,0.14,-5.89,95,-3718,71,798,1,3598,0.0635,-0.071,-0.156,0.056,-0.11,-5.92,112,-3696,-51,798,1
38.86,2,2040.6,485.73,-0.08,2817.72,15.5,0.25,0.0,0.0,0.0,0.0,0.0,1,1865,-35.8,0.2,0.62,-0.02,-0.2,8,7,5733,0.0915,0.032,-0.795,0.695,-0.1,-5.93,37,-2809,-99,0,0,5738,0.092,0.026,-0.776,0.676,0.08,-5.95,43,-3448,104,0,0,4193,0.0619,-0.047,-0.44,0.34,0.2,-5.83,63,2115,102,0,0,4195,0.0624,-0.054,-0.513,0.413,-0.06,-5.97,60,508,-123,0,0
38.88,2,2040.7,485.73,-0.08,2817.81,15.3,-0.23,0.0,0.0,0.0,0.0,0.0,1,1809,-35.4,0.2,0.57,-0.02,-0.28,8,7,5649,0.09,-0.073,-0.476,0.376,0.15,-5.88,63,799,-66,0,0,5653,0.0905,-0.075,-0.496,0.396,0.37,-5.67,64,6,151,0,0,4311,0.0636,0.084,0.029,-0.071,-0.02,-6.02,117,3146,79,0,0,4313,0.0641,0.083,-0.107,0.007,-0.25,-5.78,103,2591,-142,0,0
38.9,2,2040.8,485.73,-0.08,2817.89,15.2,-0.15,0.0,0.0,0.0,0.25,0.0,1,1753,-35.0,0.2,0.51,-0.02,-0.1,7,7,5532,0.0886,-0.071,-0.308,0.208,-0.09,-5.94,85,557,-37,0,0,5541,0.0891,-0.072,-0.319,0.219,0.56,-5.47,85,-83,168,0,0,4442,0.0653,0.087,0.162,0.062,0.18,-5.85,136,2446,91,0,0,4450,0.0658,0.086,0.054,-0.046,-0.29,-5.74,123,2419,-165,0,0
38.92,2,2040.9,485.73,-0.08,2817.98,14.6,-0.91,0.01,0.0,0.0,1.0,0.0,1,1697,-34.6,0.2,0.49,-0.01,0.23,7,6,5708,0.0875,-0.055,-0.022,-0.078,-0.21,-5.82,117,-3512,-55,1247,0,5710,0.0879,-0.059,0.012,-0.088,0.17,-5.86,120,-3532,160,1247,0,4272,0.0668,0.073,0.096,-0.004,0.08,-5.95,132,-1859,95,672,0,4272,0.0672,0.068,0.081,-0.019,-0.17,-5.86,127,-1178,-156,672,0
38.94,2,2040.9,485.73,-0.08,2818.05,13.5,-1.55,0.0,0.0,0.0,0.62,0.0,1,1643,-34.2,0.2,0.51,-0.02,0.16,6,5,6022,0.0878,0.015,-0.137,0.037,-0.15,-5.88,58,-6002,-48,4940,0,6094,0.0882,0.017,-0.125,0.025,-0.11,-5.92,59,-6055,55,4940,0,3935,0.0665,-0.015,-0.114,0.014,0.14,-5.89,81,-3879,63,2660,0,3995,0.0669,-0.013,-0.124,0.024,-0.21,-5.82,80,-3906,-107,2660,0
38.96,2,2041.0,485.73,-0.08,2818.12,12.2,-1.85,0.0,0.0,0.0,0.54,0.0,1,1589,-33.8,0.2,0.57,-0.03,0.27,5,4,6349,0.0891,0.065,-0.116,0.016,-0.26,-5.77,76,-6299,-73,3043,0,6473,0.0898,0.082,-0.059,-0.041,-0.11,-5.92,82,-6391,25,3043,0,3598,0.0648,-0.083,-0.18,0.08,0.12,-5.91,91,-3588,61,492,1,3701,0.0656,-0.067,-0.159,0.059,-0.18,-5.85,93,-3659,-91,492,1
38.98,2,2041.1,485.73,-0.08,2818.18,10.9,-1.78,-0.01,0.0,0.0,0.61,0.0,1,1535,-33.4,0.2,0.65,-0.04,0.2,4,4,6569,0.0909,0.088,0.001,-0.099,-0.31,-5.72,82,-6406,-125,2657,0,6654,0.0918,0.099,-0.185,0.085,-0.12,-5.91,89,-6457,-1,797,1,3432,0.0628,-0.101,-0.077,-0.023,0.04,-5.99,78,-3141,72,1431,0,3502,0.0638,-0.09,-0.1,0.0,-0.22,-5.81,76,-3150,-98,1431,0
39.0,2,2041.1,485.73,-0.08,2818.23,9.8,-1.58,-0.01,0.01,0.0,0.0,0.0,1,1482,-33.0,0.2,0.73,-0.04,-1.06,3,3,6686,0.0927,0.094,-0.015,-0.085,0.24,-5.79,67,-6462,-105,2989,0,6740,0.0937,0.095,-0.259,0.159,0.44,-5.6,75,-6505,34,897,1,3373,0.0609,-0.096,-0.159,0.059,-0.47,-5.56,75,-3289,33,483,1,3416,0.0619,-0.095,-0.441,0.341,-0.82,-5.21,50,-2748,-140,483,1
39.02,2,2041.2,485.73,-0.08,2818.29,9.8,0.07,-0.01,0.0,0.0,0.0,0.0,1,1430,-32.5,0.2,0.72,-0.03,-0.45,3,3,6075,0.0935,0.041,-0.616,0.516,0.36,-5.67,53,-5506,20,0,0,6102,0.0945,0.04,-0.523,0.423,0.64,-5.39,61,-5573,187,0,0,3969,0.0601,-0.036,-0.716,0.616,0.01,-6.02,32,-2156,-37,0,0,3988,0.0611,-0.037,-0.497,0.397,-0.16,-5.87,45,-955,-250,0,0
39.04,2,2041.2,485.73,-0.08,2818.34,9.8,-0.08,0.0,0.0,0.0,0.0,0.0,1,1379,-32.1,0.2,0.67,-0.03,0.15,3,3,5810,0.0925,-0.053,-0.525,0.425,0.03,-6.0,58,-4848,93,0,0,5807,0.0934,-0.057,-0.453,0.353,-0.03,-6.0,64,-4932,247,0,0,4254,0.0615,0.067,-0.448,0.348,0.06,-5.97,44,244,-55,0,0,4247,0.0624,0.062,-0.276,0.176,-0.2,-5.83,58,204,-273,0,0
39.06,2,2041.3,485.73,-0.08,2818.39,9.7,-0.1,0.0,0.0,0.0,0.0,0.0,1,1328,-31.6,0.2,0.61,-0.03,0.63,3,3,5627,0.0911,-0.067,-0.37,0.27,-0.49,-5.54,69,-4357,32,0,0,5622,0.0919,-0.074,-0.315,0.215,-0.39,-5.64,73,-4431,161,0,0,4439,0.0632,0.088,-0.209,0.109,0.35,-5.68,60,1030,8,0,0,4433,0.064,0.082,-0.121,0.021,0.1,-5.93,68,620,-218,0,0
39.08,2,2041.3,485.73,-0.08,2818.45,9.6,-0.09,-0.01,0.0,0.0,0.87,0.0,1,1278,-31.1,0.2,0.54,-0.03,0.76,3,3,5472,0.0897,-0.075,-0.209,0.109,-0.58,-5.45,80,-3901,-116,0,0,5482,0.0903,-0.079,-0.171,0.071,-0.4,-5.63,83,-3975,40,0,0,4568,0.0652,0.096,-0.072,-0.028,0.5,-5.54,70,1262,101,0,0,4574,0.0658,0.091,-0.028,-0.072,0.23,-5.81,75,764,-133,0,0
39.1,2,2041.4,485.73,-0.08,2818.5,8.6,-1.52,-0.01,0.0,0.0,0.47,0.0,1,1229,-30.7,0.2,0.55,-0.02,0.57,2,2,5982,0.0889,-0.037,-0.181,0.081,-0.44,-5.59,66,-5909,-155,1284,1,5971,0.0895,-0.042,-0.13,0.03,-0.28,-5.75,31,-5887,-40,4281,0,4153,0.0663,0.058,-0.18,0.08,0.65,-5.38,66,-4101,117,692,1,4141,0.0669,0.053,-0.209,0.109,0.11,-5.92,64,-4013,-38,692,1
39.12,2,2041.4,485.73,-0.08,2818.54,7.7,-1.23,-0.01,0.0,0.0,0.0,0.0,1,1181,-30.2,0.2,0.56,-0.02,0.29,2,2,6141,0.09,0.053,-0.032,-0.068,-0.46,-5.57,56,-5863,-233,2320,0,6108,0.0904,0.047,0.073,-0.027,-0.29,-5.74,63,-5835,-84,2320,0,4021,0.0656,-0.038,-0.808,0.708,0.52,-5.51,21,-3475,180,375,1,3992,0.066,-0.044,-0.745,0.645,-0.05,-5.98,25,-3395,-16,375,1
39.14,2,2041.5,485.73,-0.08,2818.58,7.7,0.01,-0.01,0.0,0.0,0.0,0.0,1,1133,-29.8,0.2,0.53,-0.02,-0.19,2,2,5742,0.0901,0.007,-0.583,0.483,0.21,-5.82,48,-5224,-206,0,0,5741,0.0905,0.006,-0.497,0.397,0.13,-5.9,54,-5269,-44,0,0,4363,0.0657,0.005,-0.849,0.749,0.31,-5.72,14,-1198,234,0,0,4361,0.0661,0.004,-0.798,0.698,-0.19,-5.84,19,-1617,-34,0,0
39.16,2,2041.5,485.73,-0.08,2818.62,7.6,-0.08,0.0,0.0,0.0,0.0,0.0,1,1086,-29.3,0.2,0.48,-0.02,-0.53,2,2,5552,0.0889,-0.059,-0.505,0.405,0.31,-5.72,51,-4749,-111,0,0,5581,0.0894,-0.058,-0.449,0.349,0.47,-5.56,55,-4856,57,0,0,4500,0.0671,0.071,-0.528,0.428,-0.12,-5.91,30,84,189,0,0,4523,0.0675,0.072,-0.526,0.426,-0.18,-5.85,32,-548,-84,0,0
39.18,2,2041.6,485.73,-0.09,2818.67,7.6,-0.09,0.01,0.0,0.0,0.0,0.0,1,1040,-28.9,0.2,0.42,-0.01,-0.52,2,2,5466,0.0876,-0.064,-0.361,0.261,0.15,-5.88,59,-4461,-3,0,0,5457,0.088,-0.066,-0.341,0.241,0.43,-5.6,60,-4531,169,0,0,4620,0.0687,0.08,-0.31,0.21,-0.19,-5.84,42,472,123,0,0,4612,0.0691,0.077,-0.327,0.227,-0.47,-5.56,43,-167,-149,0,0
39.2,2,2041.6,485.73,-0.09,2818.71,7.5,-0.09,0.02,0.0,0.0,0.78,0.0,1,994,-28.5,0.2,0.36,-0.01,-0.25,2,2,5416,0.0865,-0.06,-0.195,0.095,0.12,-5.91,68,-4214,38,0,0,5376,0.0867,-0.068,-0.216,0.116,0.14,-5.89,67,-4260,212,0,0,4703,0.0704,0.084,-0.169,0.069,-0.14,-5.89,49,655,75,0,0,4668,0.0706,0.076,-0.19,0.09,-0.44,-5.59,51,55,-201,0,0
39.22,2,2041.6,485.73,-0.09,2818.75,6.5,-1.43,0.01,0.0,0.0,0.03,0.0,1,949,-28.1,0.2,0.37,0.0,0.0,1,1,5899,0.086,-0.022,-0.251,0.151,-0.12,-5.92,49,-5828,12,1163,1,5853,0.0861,-0.029,-0.257,0.157,0.09,-5.94,49,-5787,143,1163,1,4258,0.0712,0.041,-0.155,0.055,-0.04,-6.0,53,-3763,48,626,1,4219,0.0713,0.034,-0.262,0.162,-0.32,-5.71,47,-3569,-169,626,1
39.24,2,2041.7,485.73,-0.09,2818.78,6.5,-0.04,0.0,0.0,0.0,0.0,0.0,1,922,-9.4,0.2,0.34,0.0,0.3,1,1,5591,0.0865,0.022,-0.633,0.533,-0.41,-5.62,39,-5044,-50,138,0,5562,0.0864,0.017,-0.673,0.573,-0.21,-5.82,36,-5004,117,138,0,4523,0.071,-0.011,-0.454,0.354,0.29,-5.74,44,-3654,69,74,0,4498,0.0709,-0.017,-0.498,0.398,0.01,-6.02,41,-3542,-171,74,0
39.26,2,2041.7,485.73,-0.09,2818.82,6.4,-0.06,-0.01,0.0,0.0,0.0,0.0,1,914,-3.1,0.21,0.3,0.0,0.36,1,1,5453,0.0856,-0.045,-0.487,0.387,-0.6,-5.43,47,-4655,-131,0,0,5439,0.0855,-0.046,-0.527,0.427,-0.41,-5.62,44,-4622,44,0,0,4634,0.0721,0.056,-0.484,0.384,0.32,-5.72,42,-3456,119,0,0,4623,0.072,0.055,-0.494,0.394,0.03,-6.0,41,-3330,-130,0,0
39.28,2,2041.8,485.73,-0.09,2818.85,6.4,-0.09,-0.01,0.0,0.0,0.0,0.0,1,911,-1.0,0.21,0.25,0.0,0.22,1,1,5372,0.0845,-0.052,-0.258,0.158,-0.43,-5.6,58,-4384,-176,0,0,5382,0.0845,-0.05,-0.278,0.178,-0.28,-5.76,56,-4371,11,0,0,4686,0.0733,0.059,-0.392,0.292,0.33,-5.7,46,-3252,165,0,0,4695,0.0733,0.062,-0.374,0.274,0.03,-6.0,46,-3156,-91,0,0
39.3,2,2041.8,485.73,-0.09,2818.89,6.3,-0.09,-0.01,0.0,0.0,0.51,0.0,1,910,-0.4,0.22,0.21,0.0,-0.04,1,1,5335,0.0835,-0.05,-0.047,-0.053,-0.16,-5.87,67,-4152,-186,0,0,5341,0.0836,-0.048,-0.049,-0.051,-0.03,-6.0,67,-4126,13,0,0,4717,0.0744,0.058,-0.257,0.157,0.22,-5.81,52,-3088,187,0,0,4722,0.0744,0.06,-0.224,0.124,-0.09,-5.94,53,-3009,-77,0,0
39.32,2,2041.8,485.73,-0.09,2818.92,5.6,-1.0,0.0,0.0,0.0,0.76,0.0,1,909,-0.1,0.23,0.21,0.0,-0.28,1,1,5681,0.0832,-0.018,-0.168,0.068,0.04,-5.99,48,-4684,-149,752,1,5677,0.0832,-0.017,-0.171,0.071,0.2,-5.83,48,-4650,60,752,1,4408,0.0749,0.023,-0.135,0.035,0.07,-5.97,36,-3195,159,1350,0,4404,0.0749,0.024,-0.188,0.088,-0.22,-5.81,46,-3312,-83,405,1
39.34,2,2041.8,485.73,-0.09,2818.95,4.6,-1.48,0.0,0.0,0.0,0.0,0.0,1,909,0.0,0.23,0.26,0.0,0.5,1,1,6045,0.0842,0.052,-0.74,0.64,-0.46,-5.57,19,-5903,-105,1131,1,6052,0.0843,0.052,-0.731,0.631,-0.39,-5.64,19,-5902,58,1131,1,4050,0.0738,-0.052,-0.433,0.333,0.79,-5.24,28,-3508,149,609,1,4054,0.0739,-0.052,-0.119,0.019,0.52,-5.51,22,-3574,-55,2029,0
39.36,2,2041.9,485.73,-0.09,2818.97,4.5,-0.03,0.01,0.0,0.0,0.0,0.0,1,909,0.0,0.24,0.26,0.0,0.24,1,1,5726,0.0851,0.044,-0.947,0.847,-0.58,-5.45,24,-5414,-163,0,0,5692,0.0851,0.041,-0.895,0.795,-0.58,-5.45,26,-5395,8,0,0,4377,0.073,-0.044,-0.798,0.698,0.42,-5.61,22,-3486,232,0,0,4349,0.073,-0.047,-0.929,0.829,-0.1,-5.93,16,-3413,-23,0,0
39.38,2,2041.9,485.73,-0.09,2819.0,4.5,-0.07,0.0,0.0,0.0,0.0,0.0,1,909,0.0,0.24,0.24,0.0,-0.18,1,1,5571,0.0846,-0.024,-0.689,0.589,-0.02,-6.01,32,-5114,-173,0,0,5550,0.0845,-0.028,-0.66,0.56,0.51,-5.52,33,-5126,-8,0,0,4523,0.0736,0.033,-0.665,0.565,0.45,-5.58,26,-3354,277,0,0,4507,0.0735,0.029,-0.72,0.62,-0.44,-5.6,23,-3206,-34,0,0
39.4,2,2041.9,485.73,-0.09,2819.02,4.4,-0.09,0.0,0.0,0.0,0.0,0.0,1,909,0.0,0.25,0.21,0.0,-0.49,1,1,5463,0.0839,-0.037,-0.405,0.305,0.49,-5.54,42,-4893,-127,0,0,5456,0.0838,-0.037,-0.426,0.326,0.25,-5.78,41,-4916,40,0,0,4613,0.0745,0.042,-0.393,0.293,-0.44,-5.59,36,-3246,214,0,0,4606,0.0744,0.042,-0.421,0.321,-0.73,-5.3,34,-3128,-96,0,0
39.42,2,2041.9,485.73,-0.09,2819.05,4.4,-0.09,0.0,0.0,0.0,1.0,0.0,1,909,0.0,0.25,0.18,0.0,-0.52,1,1,5404,0.0831,-0.039,-0.084,-0.016,0.31,-5.72,53,-4682,-56,0,0,5388,0.083,-0.038,-0.136,0.036,0.46,-5.57,51,-4688,122,0,0,4671,0.0754,0.044,-0.102,0.002,-0.48,-5.55,46,-3197,131,0,0,4657,0.0753,0.045,-0.121,0.021,-0.76,-5.27,45,-3074,-175,0,0
39.44,2,2042.0,485.73,-0.09,2819.07,3.6,-1.07,0.0,0.0,0.0,0.0,0.0,1,909,0.0,0.26,0.19,0.01,-0.45,0,0,5756,0.083,-0.005,-0.379,0.279,0.14,-5.89,22,-5469,-9,1482,1,5735,0.0828,-0.008,-0.115,0.015,0.6,-5.43,-17,-4848,179,4940,0,4353,0.0756,0.011,-0.255,0.155,-0.75,-5.28,27,-3775,50,798,1,4337,0.0754,0.008,-0.048,-0.052,-1.05,-4.99,9,-3454,-211,2660,0
39.46,2,2042.0,485.73,-0.09,2819.08,3.5,-0.13,0.0,0.0,0.0,0.0,0.0,1,909,0.0,0.26,0.18,0.01,-0.01,0,0,5545,0.0834,0.022,-0.021,-0.079,-0.24,-5.79,50,-5203,-36,0,0,5531,0.0832,0.02,-0.947,0.847,-0.02,-6.01,21,-4800,133,0,0,4533,0.0752,-0.018,-0.607,0.507,0.06,-5.97,27,-3888,62,0,0,4522,0.075,-0.02,-0.849,0.749,-0.16,-5.87,18,-3433,-198,0,0
39.48,2,2042.0,485.73,-0.09,2819.1,3.4,-0.12,0.0,0.0,0.0,0.5,0.0,1,909,0.0,0.27,0.16,0.01,0.26,0,0,5491,0.0828,-0.03,0.662,0.562,-0.69,-5.34,69,-4986,-103,0,0,5478,0.0826,-0.03,0.058,-0.042,-0.02,-6.01,49,-4570,75,0,0,4595,0.0759,0.033,-0.421,0.321,0.23,-5.81,32,-3838,121,0,0,4584,0.0757,0.033,-0.361,0.261,-0.08,-5.95,32,-3340,-139,0,0
39.5,2,2042.0,485.73,-0.09,2819.12,3.1,-0.47,0.0,0.0,0.0,0.0,0.0,1,909,0.0,0.27,0.15,0.01,0.47,0,0,5549,0.0825,-0.015,-0.551,0.451,-0.67,-5.36,20,-4374,-181,737,1,5550,0.0824,-0.015,-0.686,0.586,-0.56,-5.47,14,-3892,13,737,1,4513,0.0763,0.019,-0.009,-0.091,0.87,-5.17,20,-2797,198,1322,0,4516,0.0761,0.019,0.028,-0.072,0.53,-5.5,21,-2837,-66,1322,0
39.52,2,2042.0,485.73,-0.09,2819.14,3.0,-0.2,0.0,0.0,0.0,1.0,0.0,1,909,0.0,0.28,0.14,0.01,0.08,0,0,5490,0.0823,-0.009,0.696,0.596,-0.57,-5.47,57,-3573,-246,0,0,5491,0.0822,-0.008,0.642,0.542,-0.29,-5.75,53,-3057,-37,0,0,4570,0.0764,0.008,0.196,0.096,0.44,-5.59,41,-2648,251,0,0,4569,0.0763,0.01,0.257,0.157,-0.22,-5.81,42,-2659,-19,0,0
39.54,2,2042.0,485.73,-0.09,2819.15,2.3,-0.98,0.0,0.0,0.0,0.0,0.0,1,909,0.0,0.28,0.16,0.01,-0.18,0,0,5777,0.0824,0.0,-2.36,2.26,0.27,-5.76,16,-5486,-161,1482,1,5771,0.0822,0.001,-0.365,0.265,0.49,-5.54,15,-5397,5,1482,1,4311,0.0764,0.0,-1.228,1.128,-0.51,-5.52,20,-3451,187,798,1,4305,0.0763,0.001,0.583,0.483,-1.25,-4.78,34,-3424,-41,798,1
39.56,2,2042.1,485.73,-0.09,2819.16,2.1,-0.21,0.0,0.0,0.0,1.0,0.0,1,909,0.0,0.28,0.16,0.01,-0.39,0,0,5672,0.0829,0.027,2.788,2.688,1.1,-4.93,53,3023,-66,0,0,5663,0.0827,0.026,2.629,2.529,1.29,-4.74,53,2553,142,0,0,4412,0.0759,-0.027,1.52,1.42,-1.31,-4.73,51,-1874,120,0,0,4405,0.0757,-0.028,1.829,1.729,-1.52,-4.51,55,-1335,-143,0,0
39.58,2,2042.1,485.73,-0.09,2819.17,1.7,-0.54,0.0,0.0,0.0,0.0,0.0,1,909,0.0,0.29,0.17,0.01,0.42,0,0,5717,0.0827,-0.01,-0.24,0.14,-2.0,-4.03,14,-5342,-76,1482,1,5701,0.0825,-0.01,-0.032,-0.068,-0.65,-5.38,-28,-5270,108,4940,0,4384,0.0761,0.013,0.197,0.097,1.73,-4.3,21,-3342,119,798,1,4371,0.076,0.013,0.766,0.666,0.78,-5.26,29,-3184,-126,798,1
39.6,2,2042.1,485.73,-0.09,2819.18,1.6,-0.19,0.0,0.0,0.0,1.0,0.0,1,909,0.0,0.29,0.17,0.01,0.67,0,0,5633,0.0831,0.022,2.204,2.104,-0.91,-5.12,26,4966,-224,0,0,5626,0.0829,0.019,2.19,2.09,-0.76,-5.28,64,-4585,-44,0,0,4450,0.0758,-0.018,2.141,2.041,1.71,-4.32,35,2392,266,0,0,4441,0.0756,-0.021,2.002,1.902,1.41,-4.62,30,2986,2,0,0
39.62,2,2042.1,485.73,-0.09,2819.19,1.3,-0.44,0.0,0.0,0.0,0.0,0.0,1,909,0.0,0.29,0.17,0.01,-0.64,0,0,5634,0.0827,-0.021,-2.744,2.644,0.7,-5.33,12,-5549,-212,1482,1,5646,0.0826,-0.018,-1.122,1.022,1.44,-4.59,26,-2959,-119,1482,1,4421,0.0762,0.02,0.186,0.086,-0.08,-5.95,17,-3495,330,798,1,4430,0.076,0.023,0.627,0.527,-0.41,-5.62,15,-1106,86,798,1
39.64,2,2042.1,485.73,-0.09,2819.19,1.2,-0.07,0.01,0.01,0.0,1.0,0.0,1,909,0.0,0.3,0.15,0.01,-1.43,0,0,5541,0.0828,0.005,3.134,3.034,2.5,-3.53,37,4797,0,0,0,5512,0.0826,0.004,0.286,0.186,2.66,-3.37,3,2947,107,0,0,4549,0.0761,-0.007,2.305,2.205,-4.08,-1.96,34,2240,84,0,0,4525,0.0759,-0.007,0.552,0.452,-4.19,-1.84,15,984,-152,0,0
