Time_s,Distance_m,PosX,PosY,PosZ,Speed_Kmh,Accel_Long_G,Accel_Lat_G,Raw_Steer,Raw_Throttle,Raw_Brake,Clutch,Gear,RPM,Torque_Nm,Boost_Bar,Pitch,Roll,YawRate,Aero_DownN,Aero_DragN,FL_Load_N,FL_Travel_m,FL_DamperVel_ms,FL_Slip,FL_SlipDelta,FL_SlipAng_deg,FL_LatDelta,FL_WheelRPM,FL_LongForce_N,FL_LatForce_N,FL_ActBrakeTrq_Nm,FL_ABS_Active,FR_Load_N,FR_Travel_m,FR_DamperVel_ms,FR_Slip,FR_SlipDelta,FR_SlipAng_deg,FR_LatDelta,FR_WheelRPM,FR_LongForce_N,FR_LatForce_N,FR_ActBrakeTrq_Nm,FR_ABS_Active,RL_Load_N,RL_Travel_m,RL_DamperVel_ms,RL_Slip,RL_SlipDelta,RL_SlipAng_deg,RL_LatDelta,RL_WheelRPM,RL_LongForce_N,RL_LatForce_N,RL_ActBrakeTrq_Nm,RL_ABS_Active,RR_Load_N,RR_Travel_m,RR_DamperVel_ms,RR_Slip,RR_SlipDelta,RR_SlipAng_deg,RR_LatDelta,RR_WheelRPM,RR_LongForce_N,RR_LatForce_N,RR_ActBrakeTrq_Nm,RR_ABS_Active
0.120,3.6,116.77,-23.61,-14.26,129.4,0.27,-0.36,0.00,1.00,0.00,1.00,3,6130,363.9,2.20,-0.89,-1.57,-6.45,1098,622,2072,-0.0689,-0.574,-0.002,-0.098,-2.54,-4.62,1066,-68,-830,0,0,3490,-0.0407,-0.339,-0.002,-0.098,-2.53,-4.63,1072,-78,-1362,0,0,3206,-0.0336,-0.280,0.075,-0.025,-3.00,-4.16,1149,2272,-1263,0,0,4395,-0.0052,-0.044,0.068,-0.032,-2.98,-4.18,1147,2900,-1733,0,0
0.240,7.9,112.43,-23.61,-14.23,130.7,0.33,-0.42,0.00,1.00,0.00,1.00,3,6186,361.9,2.20,-0.89,-1.57,-3.09,1119,629,2416,-0.0693,-0.003,-0.002,-0.098,-2.38,-4.78,1079,-75,-914,0,0,3684,-0.0398,0.007,-0.002,-0.098,-2.38,-4.79,1082,-88,-1363,0,0,3204,-0.0353,-0.014,0.072,-0.028,-2.60,-4.56,1159,2292,-1128,0,0,4211,-0.0072,-0.016,0.068,-0.032,-2.59,-4.57,1158,2877,-1476,0,0
0.360,12.3,108.05,-23.60,-14.27,132.0,0.33,-0.37,0.00,1.00,0.00,1.00,3,6191,361.7,2.20,-0.96,-1.45,-0.35,1142,630,2439,-0.0673,0.016,-0.002,-0.098,-1.95,-5.21,1091,-73,-771,0,0,3455,-0.0408,-0.008,-0.002,-0.098,-1.95,-5.21,1092,-83,-1074,0,0,3442,-0.0320,0.027,0.061,-0.039,-1.97,-5.19,1160,2321,-981,0,0,4309,-0.0055,0.014,0.059,-0.041,-1.97,-5.19,1159,2821,-1216,0,0
0.480,16.7,103.63,-23.59,-14.34,133.0,0.24,-0.02,0.34,0.44,0.00,1.00,3,6046,175.9,1.63,-0.79,-0.74,15.70,1162,624,3425,-0.0609,0.054,-0.003,-0.097,7.25,0.08,1097,-67,2741,0,0,2813,-0.0501,-0.077,0.001,-0.099,9.25,2.09,1083,26,2443,0,0,3923,-0.0268,0.043,0.022,-0.078,-0.81,-6.35,1132,1274,-552,0,0,2776,-0.0179,-0.104,0.033,-0.067,-0.82,-6.34,1132,1293,-395,0,0
0.600,21.2,99.19,-23.59,-14.39,133.6,0.13,0.17,0.00,1.00,0.00,1.00,3,6166,296.8,1.83,-0.73,0.05,18.11,1174,613,3686,-0.0425,0.153,-0.001,-0.099,0.47,-6.69,1113,-68,230,0,0,2941,-0.0537,-0.030,-0.002,-0.098,0.48,-6.69,1098,-78,187,0,0,4148,-0.0168,0.083,0.037,-0.063,1.70,-5.46,1155,1946,1035,0,0,3527,-0.0280,-0.084,0.050,-0.050,1.72,-5.44,1155,2111,872,0,0
0.720,25.6,94.72,-23.58,-14.41,134.7,0.27,0.28,0.00,1.00,0.00,1.00,3,6422,335.6,2.09,-0.54,0.28,10.43,1193,654,3059,-0.0485,-0.050,-0.002,-0.098,1.79,-5.37,1117,-67,859,0,0,2026,-0.0654,-0.098,-0.002,-0.098,1.80,-5.36,1108,-61,582,0,0,3210,-0.0160,0.007,0.074,-0.026,2.49,-4.67,1203,2313,1073,0,0,2341,-0.0330,-0.042,0.083,-0.017,2.51,-4.65,1204,1813,772,0,0
0.840,30.2,90.20,-23.59,-14.37,135.9,0.32,0.41,0.00,1.00,0.00,1.00,3,6320,352.0,2.17,-0.84,0.76,7.65,1212,681,4270,-0.0354,0.109,-0.001,-0.099,2.22,-4.94,1128,-84,1459,0,0,2537,-0.0599,0.046,-0.002,-0.098,2.23,-4.93,1121,-76,896,0,0,5344,-0.0082,0.065,0.047,-0.053,2.73,-4.43,1183,2783,2045,0,0,3905,-0.0327,0.002,0.054,-0.046,2.75,-4.41,1184,2292,1508,0,0
0.960,34.7,85.65,-23.58,-14.28,137.2,0.31,0.36,-0.21,1.00,0.00,1.00,3,6399,353.0,2.19,-0.79,0.86,-2.95,1234,687,2148,-0.0467,-0.094,0.001,-0.099,-4.05,-3.11,1132,8,-1066,0,0,1547,-0.0737,-0.116,-0.002,-0.098,-2.89,-4.28,1133,-52,-559,0,0,4301,0.0018,0.084,0.057,-0.043,2.18,-4.98,1198,2686,1348,0,0,3702,-0.0264,0.053,0.056,-0.044,2.18,-4.98,1199,2315,1173,0,0
1.080,39.3,81.05,-23.59,-14.16,138.4,0.30,0.05,0.00,1.00,0.00,1.00,3,6474,351.0,2.20,-0.83,0.39,-11.90,1254,663,4188,-0.0433,0.029,-0.002,-0.098,1.04,-6.12,1142,-119,750,0,0,3673,-0.0478,0.216,-0.002,-0.098,1.03,-6.13,1152,-103,658,0,0,3674,-0.0221,-0.199,0.060,-0.040,0.26,-6.91,1211,2714,174,0,0,5009,-0.0282,-0.015,0.050,-0.050,0.25,-6.91,1210,3277,237,0,0
1.200,43.9,76.41,-23.57,-14.03,139.8,0.32,0.01,0.00,1.00,0.00,1.00,3,6450,352.5,2.20,-1.14,0.33,-7.08,1284,659,1810,-0.0502,-0.058,-0.002,-0.098,-0.15,-7.01,1153,-53,-36,0,0,2030,-0.0541,-0.053,-0.001,-0.099,-0.15,-7.01,1159,-47,-41,0,0,4380,-0.0027,0.161,0.045,-0.055,-0.62,-6.54,1208,2587,-396,0,0,4499,-0.0068,0.178,0.041,-0.059,-0.61,-6.55,1208,2451,-409,0,0
1.320,48.6,71.73,-23.56,-13.91,141.0,0.30,-0.11,0.00,1.00,0.00,1.00,3,6688,344.0,2.20,-0.85,0.07,-5.00,1303,685,2889,-0.0573,-0.059,-0.002,-0.098,-0.71,-6.45,1165,-85,-329,0,0,3381,-0.0512,0.024,-0.002,-0.098,-0.71,-6.46,1169,-90,-380,0,0,3120,-0.0236,-0.174,0.074,-0.026,-1.03,-6.13,1252,2473,-444,0,0,4202,-0.0200,-0.110,0.069,-0.031,-1.03,-6.13,1250,3173,-596,0,0
1.440,53.4,67.01,-23.55,-13.81,142.4,0.31,-0.18,0.00,1.00,0.00,1.00,3,6611,347.0,2.20,-0.93,-0.10,-2.19,1328,703,2150,-0.0604,-0.025,-0.002,-0.098,-0.90,-6.26,1176,-62,-321,0,0,2787,-0.0497,0.012,-0.002,-0.098,-0.90,-6.26,1179,-65,-411,0,0,3732,-0.0219,0.014,0.051,-0.049,-1.04,-6.12,1238,2344,-587,0,0,4244,-0.0112,0.073,0.049,-0.051,-1.04,-6.12,1238,2570,-665,0,0
1.560,58.1,62.24,-23.55,-13.74,143.5,0.28,-0.16,0.00,0.00,0.00,1.00,3,6554,176.8,1.88,-0.80,-0.09,-0.58,1350,711,2870,-0.0608,-0.004,-0.002,-0.098,-0.81,-6.35,1188,-72,-385,0,0,3351,-0.0491,0.005,-0.001,-0.099,-0.81,-6.35,1188,-75,-446,0,0,3437,-0.0264,-0.037,0.032,-0.068,-0.85,-6.31,1226,1644,-464,0,0,3766,-0.0160,-0.040,0.031,-0.069,-0.85,-6.31,1225,1761,-506,0,0
1.680,62.9,57.46,-23.55,-13.69,143.0,-0.13,-0.14,0.00,0.00,0.00,1.00,3,6240,-69.3,0.40,-0.54,0.00,0.49,1352,700,3215,-0.0520,0.073,-0.001,-0.099,-0.59,-6.57,1184,-27,-315,0,0,3547,-0.0426,0.054,-0.001,-0.099,-0.59,-6.57,1183,-31,-346,0,0,3187,-0.0296,-0.027,-0.014,-0.086,-0.56,-6.60,1168,-668,-297,0,0,3444,-0.0202,-0.035,-0.013,-0.087,-0.56,-6.60,1168,-695,-319,0,0
1.800,67.6,52.72,-23.55,-13.65,142.1,-0.19,-0.09,0.00,0.00,0.00,1.00,3,6198,-69.0,0.22,-0.21,0.13,0.56,1343,682,3698,-0.0454,0.055,-0.001,-0.099,-0.37,-6.79,1177,-39,-229,0,0,3882,-0.0384,0.035,-0.001,-0.099,-0.37,-6.79,1177,-42,-240,0,0,2985,-0.0363,-0.056,-0.015,-0.085,-0.34,-6.82,1160,-687,-169,0,0,3058,-0.0303,-0.084,-0.015,-0.085,-0.34,-6.82,1160,-687,-173,0,0
1.920,72.4,48.00,-23.54,-13.63,141.3,-0.19,-0.06,0.00,0.00,0.00,1.00,3,6171,-68.8,0.20,-0.16,0.25,0.49,1331,669,3646,-0.0409,0.038,-0.001,-0.099,-0.21,-6.96,1171,-35,-126,0,0,3713,-0.0371,0.011,-0.001,-0.099,-0.21,-6.96,1170,-37,-128,0,0,3234,-0.0358,0.004,-0.014,-0.086,-0.18,-6.99,1156,-685,-95,0,0,3279,-0.0321,-0.015,-0.013,-0.087,-0.18,-6.99,1155,-680,-97,0,0
2.040,77.1,43.30,-23.54,-13.61,140.5,-0.19,-0.03,0.00,0.00,0.00,1.00,3,6132,-68.5,0.20,-0.10,0.33,0.41,1315,658,3677,-0.0416,-0.006,-0.001,-0.099,-0.10,-7.07,1164,-42,-59,0,0,3707,-0.0390,-0.016,-0.001,-0.099,-0.10,-7.07,1164,-38,-60,0,0,3087,-0.0370,-0.010,-0.014,-0.086,-0.07,-7.09,1148,-687,-37,0,0,3068,-0.0352,-0.026,-0.014,-0.086,-0.07,-7.09,1148,-675,-36,0,0
2.160,81.7,38.63,-23.54,-13.59,139.7,-0.19,-0.02,0.00,0.00,0.00,1.00,3,6103,-68.3,0.20,-0.15,0.40,0.28,1300,648,3626,-0.0400,0.013,-0.001,-0.099,-0.02,-7.14,1158,-35,-14,0,0,3598,-0.0393,-0.002,-0.001,-0.099,-0.02,-7.14,1157,-34,-14,0,0,3288,-0.0353,0.014,-0.013,-0.087,0.00,-7.16,1143,-682,-3,0,0,3267,-0.0346,0.005,-0.013,-0.087,0.00,-7.16,1143,-673,-3,0,0
2.280,86.4,33.99,-23.54,-13.58,138.9,-0.19,-0.01,-0.08,0.00,0.00,1.00,3,6063,-68.0,0.20,-0.11,0.43,0.18,1285,641,3513,-0.0414,-0.012,-0.001,-0.099,0.02,-7.14,1151,-35,10,0,0,3671,-0.0408,-0.013,-0.001,-0.099,0.02,-7.14,1151,-38,10,0,0,3113,-0.0358,-0.004,-0.014,-0.086,0.03,-7.13,1135,-683,15,0,0,3052,-0.0359,-0.011,-0.014,-0.086,0.03,-7.13,1135,-669,14,0,0
2.400,91.0,29.38,-23.54,-13.58,138.1,-0.20,-0.23,0.00,0.00,0.00,1.00,3,6031,-67.8,0.20,-0.12,-0.01,-9.86,1270,640,3348,-0.0457,-0.036,-0.001,-0.099,-0.14,-7.02,1140,-36,-49,0,0,4012,-0.0328,0.067,-0.001,-0.099,-0.14,-7.02,1148,-35,-57,0,0,3015,-0.0416,-0.049,-0.011,-0.089,-0.80,-6.36,1128,-517,-371,0,0,3567,-0.0288,0.059,-0.015,-0.085,-0.79,-6.37,1131,-828,-431,0,0
2.520,95.6,24.79,-23.54,-13.61,137.3,-0.18,-0.16,0.00,0.00,0.00,1.00,3,5986,-67.5,0.20,-0.10,0.03,-5.86,1255,653,3239,-0.0462,-0.005,-0.001,-0.099,-0.90,-6.26,1134,-33,-465,0,0,3764,-0.0351,-0.019,-0.001,-0.099,-0.89,-6.27,1139,-34,-534,0,0,2841,-0.0409,0.006,-0.013,-0.087,-1.29,-5.87,1120,-564,-589,0,0,3279,-0.0298,-0.009,-0.016,-0.084,-1.28,-5.88,1122,-764,-671,0,0
2.640,100.1,20.23,-23.54,-13.66,136.5,-0.19,-0.22,0.00,0.00,0.00,1.00,3,5957,-67.3,0.20,-0.12,-0.04,-3.20,1240,650,3253,-0.0468,-0.004,-0.001,-0.099,-1.10,-6.06,1129,-32,-579,0,0,3954,-0.0332,0.016,-0.001,-0.099,-1.10,-6.07,1132,-37,-694,0,0,2963,-0.0425,-0.013,-0.013,-0.087,-1.31,-5.85,1115,-586,-631,0,0,3556,-0.0289,0.007,-0.014,-0.086,-1.31,-5.85,1116,-749,-747,0,0
2.760,104.7,15.70,-23.53,-13.75,135.7,-0.18,-0.22,0.00,0.00,1.00,1.00,3,5920,-67.0,0.20,-0.11,-0.07,-1.29,1226,639,3164,-0.0483,-0.013,-0.001,-0.099,-1.03,-6.13,1123,-29,-532,0,0,3781,-0.0339,-0.006,-0.001,-0.099,-1.03,-6.13,1124,-35,-629,0,0,2919,-0.0428,-0.002,-0.014,-0.086,-1.12,-6.05,1108,-608,-533,0,0,3450,-0.0283,0.005,-0.014,-0.086,-1.12,-6.05,1109,-718,-624,0,0
2.880,109.1,11.26,-23.53,-13.86,131.3,-1.03,-0.12,0.00,0.00,1.00,1.00,3,4678,-57.9,0.20,0.49,0.16,0.04,1168,602,4707,-0.0322,0.134,-0.181,0.081,-0.92,-6.24,896,-4356,-355,858,1,4861,-0.0231,0.090,-0.177,0.077,-0.92,-6.24,878,-4488,-371,2860,0,2053,-0.0545,-0.097,-0.189,0.089,-0.92,-6.24,865,-1979,-153,462,1,2107,-0.0453,-0.142,-0.188,0.088,-0.92,-6.24,865,-2029,-157,462,1
3.000,113.4,6.98,-23.53,-13.97,126.7,-1.09,-0.09,0.00,0.00,1.00,1.00,3,4346,-55.6,0.20,1.00,0.30,-0.68,1099,562,4735,-0.0195,0.106,-0.178,0.078,-0.78,-6.38,845,-4385,-306,2860,0,4894,-0.0142,0.074,-0.174,0.074,-0.78,-6.38,851,-4521,-318,2860,0,1816,-0.0641,-0.080,-0.219,0.119,-0.83,-6.33,801,-1744,-108,462,1,1930,-0.0588,-0.112,-0.219,0.119,-0.83,-6.33,801,-1851,-115,462,1
3.120,117.5,2.85,-23.52,-14.09,122.2,-1.05,-0.08,0.00,0.00,1.00,1.00,3,3856,-52.1,0.20,1.18,0.34,-1.25,1026,524,4701,-0.0172,0.019,-0.184,0.084,-0.75,-6.41,832,-4355,-285,858,1,4876,-0.0124,0.015,-0.187,0.087,-0.75,-6.41,830,-4505,-295,858,1,1813,-0.0693,-0.044,-0.282,0.182,-0.85,-6.32,709,-1696,-86,462,1,1928,-0.0651,-0.053,-0.282,0.182,-0.84,-6.32,709,-1800,-91,462,1
3.240,121.5,-1.14,-23.52,-14.21,118.4,-0.90,-0.09,0.00,0.00,0.00,1.00,3,3668,-50.7,0.20,1.09,0.35,-2.63,954,489,4142,-0.0186,-0.012,-0.002,-0.098,-0.75,-6.41,979,-27,-502,0,0,4438,-0.0141,-0.014,-0.002,-0.098,-0.75,-6.41,981,-77,-534,0,0,2166,-0.0687,0.005,-0.288,0.188,-0.95,-6.22,687,-2001,-108,0,0,2390,-0.0642,0.008,-0.289,0.189,-0.94,-6.22,688,-2200,-119,0,0
3.360,125.4,-5.05,-23.52,-14.35,116.5,-0.45,-0.19,-0.18,0.00,0.00,1.00,3,4581,-57.7,0.20,0.65,0.16,-6.55,918,474,3233,-0.0316,-0.108,0.000,-0.100,-3.86,-3.31,962,15,-1801,0,0,4285,-0.0227,-0.071,-0.001,-0.099,-3.27,-3.89,967,-30,-2066,0,0,2346,-0.0592,0.079,-0.114,0.014,-1.17,-5.99,880,-2136,-327,0,0,3082,-0.0503,0.116,-0.114,0.014,-1.16,-6.00,880,-2782,-420,0,0
3.480,129.3,-8.90,-23.53,-14.54,115.1,-0.30,-0.48,0.00,0.00,0.00,1.00,3,5030,-60.7,0.20,0.30,-0.52,-16.00,889,470,2876,-0.0471,-0.129,-0.001,-0.099,-1.17,-5.99,948,-32,-508,0,0,4310,-0.0182,0.038,-0.001,-0.099,-1.15,-6.01,961,-37,-734,0,0,2564,-0.0609,-0.014,-0.010,-0.090,-2.44,-4.72,939,-341,-960,0,0,3745,-0.0320,0.153,-0.018,-0.082,-2.41,-4.75,944,-874,-1353,0,0
3.600,133.1,-12.72,-23.53,-14.78,114.4,-0.15,-0.38,0.00,0.00,0.00,1.00,3,4990,-60.4,0.20,0.02,-0.47,-8.99,875,478,2735,-0.0521,-0.042,-0.001,-0.099,-2.08,-5.09,944,-34,-894,0,0,3929,-0.0254,-0.060,-0.001,-0.099,-2.06,-5.10,951,-30,-1253,0,0,2683,-0.0527,0.069,-0.012,-0.088,-2.79,-4.37,933,-425,-1155,0,0,3695,-0.0259,0.051,-0.016,-0.084,-2.77,-4.39,936,-772,-1550,0,0
3.720,136.9,-16.51,-23.52,-15.07,113.7,-0.16,-0.41,0.00,0.00,0.00,1.00,3,4954,-60.1,0.20,-0.02,-0.48,-4.77,862,472,2945,-0.0552,-0.025,-0.001,-0.099,-2.13,-5.03,939,-42,-995,0,0,4171,-0.0275,-0.017,-0.001,-0.099,-2.12,-5.04,943,-42,-1378,0,0,2519,-0.0527,0.000,-0.014,-0.086,-2.51,-4.65,927,-473,-995,0,0,3534,-0.0256,0.002,-0.016,-0.084,-2.50,-4.66,929,-729,-1367,0,0
3.840,140.7,-20.27,-23.52,-15.42,113.0,-0.16,-0.37,0.00,0.00,0.00,1.00,3,4928,-60.0,0.20,-0.05,-0.41,-2.30,850,459,3000,-0.0545,0.006,-0.001,-0.099,-1.84,-5.33,934,-30,-888,0,0,4041,-0.0285,-0.009,-0.001,-0.099,-1.83,-5.33,936,-41,-1175,0,0,2646,-0.0520,0.006,-0.014,-0.086,-2.02,-5.14,922,-511,-860,0,0,3531,-0.0260,-0.003,-0.014,-0.086,-2.02,-5.14,923,-689,-1130,0,0
3.960,144.4,-24.00,-23.52,-15.81,112.3,-0.16,-0.30,0.00,0.00,0.00,1.00,3,4900,-59.8,0.20,-0.03,-0.25,-0.83,839,445,3072,-0.0531,0.011,-0.001,-0.099,-1.43,-5.73,929,-31,-718,0,0,3818,-0.0314,-0.024,-0.001,-0.099,-1.43,-5.73,930,-39,-882,0,0,2714,-0.0502,0.015,-0.014,-0.086,-1.50,-5.67,917,-542,-665,0,0,3350,-0.0285,-0.021,-0.013,-0.087,-1.49,-5.67,918,-651,-812,0,0
4.080,148.2,-27.70,-23.52,-16.25,111.4,-0.18,-0.45,-0.36,0.00,0.00,1.00,3,4869,-59.5,0.20,0.00,-0.47,-11.91,828,431,2626,-0.0549,-0.015,0.010,-0.090,-13.15,5.99,903,105,-2380,0,0,4565,-0.0274,0.034,0.001,-0.099,-10.85,3.69,912,23,-3936,0,0,2109,-0.0541,-0.032,-0.010,-0.090,-1.48,-5.68,909,-334,-499,0,0,3750,-0.0273,0.011,-0.016,-0.084,-1.47,-5.69,914,-839,-854,0,0
4.200,151.9,-31.36,-23.53,-16.76,110.4,-0.22,-0.56,0.00,0.00,0.00,1.00,3,4812,-59.1,0.20,0.06,-0.86,-20.41,813,439,2876,-0.0588,-0.032,-0.001,-0.099,-1.51,-5.65,906,-27,-653,0,0,4393,-0.0196,0.065,-0.001,-0.099,-1.48,-5.68,922,-41,-956,0,0,2377,-0.0602,-0.051,-0.009,-0.091,-3.21,-3.95,898,-267,-1134,0,0,3660,-0.0210,0.052,-0.020,-0.080,-3.15,-4.01,904,-887,-1672,0,0
4.320,155.5,-34.98,-23.53,-17.32,109.7,-0.14,-0.47,-0.18,0.00,0.00,1.00,3,4761,-58.8,0.20,0.07,-0.67,-13.28,803,452,2749,-0.0573,0.012,0.002,-0.098,-6.17,-0.99,900,44,-1882,0,0,4204,-0.0245,-0.042,0.001,-0.099,-5.50,-1.66,910,25,-2643,0,0,4015,-0.0566,0.030,-0.015,-0.085,-3.74,-3.43,890,-528,-2134,0,0,3577,-0.0239,-0.024,-0.021,-0.079,-3.69,-3.47,893,-781,-1887,0,0
4.440,159.2,-38.56,-23.53,-17.97,108.5,-0.20,-0.77,0.00,0.00,0.00,1.00,3,4718,-58.5,0.20,0.09,-1.20,-20.76,788,449,2264,-0.0638,-0.054,-0.027,-0.073,-2.68,-4.48,868,-414,-1819,0,0,5009,-0.0159,0.072,-0.017,-0.083,-2.63,-4.53,894,-739,-3645,0,0,1731,-0.0652,-0.071,-0.011,-0.089,-4.42,-2.74,880,-204,-1078,0,0,4183,-0.0174,0.054,-0.021,-0.079,-4.34,-2.82,887,-924,-2454,0,0
4.560,162.8,-42.09,-23.53,-18.71,107.7,-0.15,-0.62,-0.08,0.00,0.00,1.00,3,4667,-58.1,0.20,0.07,-1.13,-14.30,775,455,2573,-0.0633,0.004,-0.001,-0.099,-3.73,-3.43,884,-24,-1404,0,0,4473,-0.0173,-0.012,-0.001,-0.099,-3.68,-3.48,895,-38,-2344,0,0,2245,-0.0632,0.016,-0.015,-0.085,-4.94,-2.22,872,-325,-1502,0,0,3842,-0.0172,0.002,-0.022,-0.078,-4.88,-2.28,876,-821,-2469,0,0
4.680,166.3,-45.56,-23.53,-19.53,106.7,-0.16,-0.75,0.00,0.00,0.00,1.00,3,4621,-57.8,0.20,0.11,-1.29,-15.01,761,448,2327,-0.0668,-0.029,-0.002,-0.098,-3.74,-3.42,875,-83,-1313,0,0,4685,-0.0165,0.006,0.000,-0.100,-3.69,-3.47,888,-11,-2505,0,0,1927,-0.0662,-0.025,-0.015,-0.085,-5.03,-2.14,863,-288,-1305,0,0,3922,-0.0159,0.011,-0.023,-0.077,-4.96,-2.20,868,-847,-2536,0,0
4.800,169.9,-48.98,-23.54,-20.44,105.9,-0.14,-0.66,0.00,0.00,0.00,1.00,3,4585,-57.5,0.20,0.09,-1.15,-10.11,749,442,2590,-0.0646,0.018,-0.001,-0.099,-3.95,-3.21,871,-25,-1485,0,0,4475,-0.0176,-0.009,-0.001,-0.099,-3.92,-3.24,878,-43,-2473,0,0,5093,-0.0644,0.015,-0.017,-0.083,-4.83,-2.33,857,-705,-3205,0,0,3917,-0.0174,-0.013,-0.021,-0.079,-4.79,-2.37,861,-796,-2492,0,0
4.920,173.4,-52.35,-23.54,-21.43,105.1,-0.14,-0.63,0.00,0.00,0.00,1.00,3,4560,-57.4,0.20,0.07,-1.03,-5.98,737,428,2532,-0.0636,0.008,-0.001,-0.099,-3.59,-3.57,865,-6,-1351,0,0,4332,-0.0198,-0.018,-0.001,-0.099,-3.57,-3.59,870,-42,-2246,0,0,2246,-0.0622,0.018,-0.016,-0.084,-4.11,-3.05,852,-402,-1332,0,0,3801,-0.0182,-0.007,-0.018,-0.082,-4.09,-3.08,855,-747,-2188,0,0
5.040,176.9,-55.67,-23.54,-22.50,104.3,-0.15,-0.55,0.00,0.00,0.00,1.00,3,4536,-57.2,0.20,0.10,-0.85,-3.18,725,410,2705,-0.0621,0.013,-0.001,-0.099,-2.96,-4.20,861,-27,-1240,0,0,4226,-0.0228,-0.026,-0.001,-0.099,-2.95,-4.21,864,-45,-1886,0,0,2306,-0.0606,0.013,-0.016,-0.084,-3.24,-3.92,848,-447,-1141,0,0,3583,-0.0214,-0.026,-0.016,-0.084,-3.23,-3.93,850,-700,-1732,0,0
5.160,180.3,-58.95,-23.55,-23.62,103.6,-0.15,-0.45,0.00,0.00,0.00,1.00,3,4518,-57.1,0.20,0.07,-0.57,-1.59,715,392,2970,-0.0578,0.035,-0.001,-0.099,-2.26,-4.91,857,-31,-1071,0,0,4110,-0.0248,-0.016,-0.001,-0.099,-2.25,-4.91,858,-45,-1454,0,0,2499,-0.0573,0.028,-0.014,-0.086,-2.40,-4.76,845,-482,-955,0,0,3583,-0.0244,-0.025,-0.014,-0.086,-2.39,-4.77,847,-666,-1345,0,0
5.280,183.8,-62.18,-23.55,-24.79,102.8,-0.17,-0.51,-0.32,0.00,0.00,1.00,3,4490,-56.9,0.20,0.06,-0.58,-9.15,705,375,2520,-0.0577,0.001,0.003,-0.097,-11.61,4.45,833,42,-2277,0,0,4468,-0.0251,-0.002,-0.003,-0.097,-9.70,2.53,841,-57,-3820,0,0,2133,-0.0566,0.006,-0.011,-0.089,-1.91,-5.26,839,-341,-652,0,0,3789,-0.0239,0.004,-0.015,-0.085,-1.89,-5.27,842,-778,-1118,0,0
5.400,187.2,-65.36,-23.56,-26.02,101.9,-0.18,-0.50,0.00,0.00,0.00,1.00,3,4442,-56.5,0.20,0.14,-0.68,-14.11,693,375,2959,-0.0589,-0.009,-0.001,-0.099,-1.66,-5.50,838,-37,-759,0,0,4102,-0.0228,0.019,-0.001,-0.099,-1.64,-5.52,849,-37,-1020,0,0,2430,-0.0600,-0.028,-0.011,-0.089,-2.93,-4.23,830,-328,-1084,0,0,3392,-0.0240,-0.001,-0.019,-0.081,-2.89,-4.27,834,-790,-1463,0,0
5.520,190.6,-68.49,-23.56,-27.30,101.2,-0.14,-0.48,-0.24,0.00,0.00,1.00,3,4414,-56.3,0.20,0.10,-0.52,-12.36,683,376,2698,-0.0563,0.021,0.006,-0.094,-9.23,2.07,828,89,-2246,0,0,4427,-0.0246,-0.015,0.002,-0.098,-7.88,0.72,837,55,-3394,0,0,2249,-0.0570,0.025,-0.011,-0.089,-3.02,-4.14,824,-315,-1042,0,0,3805,-0.0257,-0.014,-0.017,-0.083,-2.98,-4.18,829,-806,-1695,0,0
5.640,193.9,-71.56,-23.57,-28.65,100.4,-0.15,-0.65,0.00,1.00,0.00,1.00,3,4518,98.0,0.39,0.10,-0.90,-17.15,671,374,2581,-0.0619,-0.047,-0.001,-0.099,-2.28,-4.88,823,-36,-906,0,0,4422,-0.0189,0.047,-0.001,-0.099,-2.24,-4.92,837,-60,-1483,0,0,2286,-0.0621,-0.043,0.026,-0.074,-3.85,-3.31,846,606,-1260,0,0,3853,-0.0191,0.055,0.010,-0.090,-3.79,-3.37,847,347,-2074,0,0
5.760,197.3,-74.61,-23.57,-30.06,100.9,0.16,-0.50,0.00,1.00,0.00,1.00,3,4737,285.0,1.62,-0.10,-0.70,-10.54,674,384,2323,-0.0641,-0.018,-0.002,-0.098,-2.91,-4.25,830,-64,-1041,0,0,3767,-0.0272,-0.069,-0.002,-0.098,-2.88,-4.28,838,-74,-1637,0,0,2765,-0.0544,0.065,0.068,-0.032,-3.86,-3.30,888,1712,-1392,0,0,4037,-0.0174,0.014,0.056,-0.044,-3.83,-3.34,887,2142,-2048,0,0
5.880,200.7,-77.65,-23.58,-31.56,102.1,0.32,-0.50,0.00,1.00,0.00,1.00,3,4870,362.9,2.04,-0.42,-0.57,-6.42,685,391,2217,-0.0679,-0.031,-0.002,-0.098,-2.81,-4.35,841,-72,-974,0,0,3595,-0.0332,-0.050,-0.002,-0.098,-2.80,-4.37,847,-84,-1537,0,0,3056,-0.0458,0.071,0.083,-0.017,-3.39,-3.78,913,2220,-1306,0,0,4377,-0.0119,0.046,0.074,-0.026,-3.36,-3.80,911,2936,-1881,0,0
6.000,204.1,-80.69,-23.58,-33.15,103.5,0.36,-0.53,-0.34,1.00,0.00,1.00,3,4946,384.4,2.15,-0.62,-0.60,-8.66,702,394,1873,-0.0718,-0.033,0.009,-0.091,-13.00,5.84,839,67,-1714,0,0,3807,-0.0366,-0.028,0.001,-0.099,-11.00,3.84,845,14,-3317,0,0,2933,-0.0413,0.038,0.086,-0.014,-2.85,-4.31,927,2259,-1064,0,0,4511,-0.0060,0.048,0.075,-0.025,-2.83,-4.34,925,3173,-1653,0,0
6.120,207.6,-83.73,-23.58,-34.82,104.8,0.34,-0.52,0.00,1.00,0.00,1.00,3,5063,388.5,2.19,-0.62,-0.66,-12.42,719,406,2214,-0.0738,-0.016,-0.002,-0.098,-2.32,-4.84,860,-75,-803,0,0,3504,-0.0365,0.001,-0.002,-0.098,-2.29,-4.87,871,-82,-1233,0,0,3075,-0.0425,-0.010,0.100,0.000,-3.41,-3.76,949,2437,-1218,0,0,4188,-0.0053,0.007,0.086,-0.014,-3.37,-3.79,947,3054,-1710,0,0
6.240,211.1,-86.79,-23.58,-36.58,106.3,0.38,-0.44,-0.09,1.00,0.00,1.00,3,5114,389.1,2.20,-0.70,-0.38,-8.35,739,421,2329,-0.0702,0.030,-0.002,-0.098,-2.60,-4.56,875,-77,-950,0,0,3515,-0.0392,-0.023,-0.002,-0.098,-2.58,-4.58,882,-86,-1398,0,0,3159,-0.0386,0.033,0.094,-0.006,-3.32,-3.84,959,2443,-1265,0,0,4348,-0.0077,-0.020,0.083,-0.017,-3.30,-3.87,957,3132,-1768,0,0
6.360,214.7,-89.84,-23.58,-38.42,107.4,0.30,-0.63,-0.40,0.48,0.00,1.00,3,4898,165.0,1.66,-0.69,-0.70,-14.14,758,429,1850,-0.0742,-0.034,0.025,-0.075,-18.87,11.71,857,128,-1700,0,0,4154,-0.0352,0.034,0.007,-0.093,-15.80,8.64,867,99,-3699,0,0,2551,-0.0423,-0.031,0.039,-0.061,-3.33,-3.83,917,1185,-1217,0,0,4555,-0.0032,0.037,0.025,-0.075,-3.29,-3.87,916,1453,-2139,0,0
6.480,218.2,-92.84,-23.58,-40.35,106.7,-0.11,-0.67,0.00,0.00,0.00,1.00,3,4634,-57.9,0.48,-0.32,-0.97,-16.66,755,430,2578,-0.0713,0.025,0.000,-0.100,-2.65,-4.51,875,3,-1047,0,0,4738,-0.0232,0.100,-0.001,-0.099,-2.61,-4.55,888,-66,-1831,0,0,2181,-0.0549,-0.105,-0.012,-0.088,-4.09,-3.07,865,-288,-1276,0,0,3733,-0.0077,-0.038,-0.021,-0.079,-4.03,-3.13,870,-840,-2093,0,0
6.600,221.8,-95.77,-23.58,-42.33,105.9,-0.15,-0.58,-0.19,0.00,0.00,1.00,3,4599,-57.6,0.23,-0.09,-0.73,-11.79,748,429,2807,-0.0610,0.086,0.003,-0.097,-6.90,-0.26,868,53,-2055,0,0,4577,-0.0203,0.025,0.001,-0.099,-6.18,-0.98,877,28,-3097,0,0,2310,-0.0574,-0.021,-0.014,-0.086,-4.15,-3.01,859,-352,-1376,0,0,3795,-0.0167,-0.075,-0.020,-0.080,-4.11,-3.06,863,-803,-2180,0,0
6.720,225.3,-98.63,-23.57,-44.37,105.0,-0.17,-0.69,0.00,0.00,0.00,1.00,3,4557,-57.3,0.20,0.01,-0.87,-12.76,736,423,2607,-0.0629,-0.016,-0.001,-0.099,-3.23,-3.94,863,-26,-1264,0,0,4483,-0.0177,0.022,-0.001,-0.099,-3.19,-3.97,873,-41,-2090,0,0,2171,-0.0625,-0.042,-0.014,-0.086,-4.34,-2.82,851,-327,-1333,0,0,3750,-0.0173,-0.005,-0.021,-0.079,-4.29,-2.87,855,-805,-2214,0,0
6.840,228.8,-101.41,-23.57,-46.47,104.2,-0.15,-0.62,-0.17,0.00,0.00,1.00,3,4526,-57.1,0.20,0.01,-0.76,-10.19,725,416,2654,-0.0618,0.010,0.000,-0.100,-6.66,-0.50,853,0,-2078,0,0,4679,-0.0191,-0.011,-0.002,-0.098,-5.99,-1.18,861,-60,-3377,0,0,2134,-0.0617,0.006,-0.015,-0.085,-4.01,-3.16,845,-348,-1243,0,0,3816,-0.0202,-0.024,-0.019,-0.081,-3.97,-3.19,849,-794,-2142,0,0
6.960,232.2,-104.11,-23.57,-48.62,103.1,-0.19,-0.76,0.00,0.00,0.00,1.00,3,4482,-56.8,0.20,-0.01,-1.04,-15.92,711,405,2440,-0.0654,-0.030,-0.002,-0.098,-2.85,-4.31,846,-131,-1143,0,0,4791,-0.0140,0.042,0.001,-0.099,-2.81,-4.35,859,39,-2102,0,0,2026,-0.0662,-0.037,-0.012,-0.088,-4.27,-2.90,837,-261,-1227,0,0,4010,-0.0149,0.044,-0.020,-0.080,-4.20,-2.96,842,-847,-2313,0,0
7.080,235.6,-106.73,-23.56,-50.82,102.3,-0.13,-0.57,0.00,1.00,0.00,1.00,3,4522,33.0,0.25,0.00,-0.75,-10.13,699,402,2669,-0.0625,0.024,-0.001,-0.099,-3.29,-3.87,842,-30,-1324,0,0,4278,-0.0195,-0.046,-0.001,-0.099,-3.26,-3.90,850,-44,-2053,0,0,2293,-0.0622,0.034,0.004,-0.096,-4.20,-2.96,848,-28,-1385,0,0,3663,-0.0192,-0.036,-0.004,-0.096,-4.16,-3.00,848,-272,-2148,0,0
7.200,239.0,-109.29,-23.56,-53.08,102.6,0.11,-0.56,0.00,1.00,0.00,1.00,3,4778,258.7,1.48,-0.21,-0.57,-6.31,698,398,2458,-0.0636,-0.009,-0.002,-0.098,-3.03,-4.13,846,-62,-1149,0,0,3998,-0.0244,-0.041,-0.002,-0.098,-3.01,-4.15,851,-78,-1815,0,0,2699,-0.0560,0.051,0.056,-0.044,-3.59,-3.57,896,1499,-1336,0,0,4010,-0.0180,0.010,0.049,-0.051,-3.57,-3.59,894,1954,-1974,0,0
7.320,242.5,-111.82,-23.56,-55.43,103.7,0.28,-0.59,-0.31,1.00,0.00,1.00,3,4915,355.0,2.00,-0.54,-0.57,-9.14,708,397,1860,-0.0691,-0.047,0.001,-0.099,-12.27,5.11,837,16,-1706,0,0,3949,-0.0302,-0.048,-0.004,-0.096,-10.42,3.26,845,-77,-3444,0,0,2854,-0.0478,0.069,0.077,-0.023,-3.00,-4.16,922,2061,-1123,0,0,4528,-0.0088,0.076,0.066,-0.034,-2.97,-4.19,919,2915,-1792,0,0
7.440,246.0,-114.30,-23.55,-57.85,104.6,0.27,-0.65,0.00,1.00,0.00,1.00,3,5075,379.9,2.14,-0.61,-0.76,-18.51,720,405,1845,-0.0752,-0.051,-0.057,-0.043,-2.05,-5.11,812,-577,-1546,0,0,4004,-0.0309,-0.006,-0.040,-0.060,-2.02,-5.14,843,-1125,-3118,0,0,2605,-0.0485,-0.006,0.108,0.008,-3.66,-3.50,952,2105,-1066,0,0,4423,-0.0042,0.039,0.086,-0.014,-3.60,-3.56,949,3168,-1891,0,0
7.560,249.5,-116.77,-23.55,-60.36,106.0,0.36,-0.48,0.00,1.00,0.00,1.00,3,5176,385.2,2.18,-0.69,-0.44,-14.89,737,429,2277,-0.0718,0.029,-0.003,-0.097,-3.12,-4.04,869,-73,-1078,0,0,3609,-0.0348,-0.033,-0.002,-0.098,-3.08,-4.08,881,-83,-1655,0,0,3073,-0.0435,0.042,0.114,0.014,-4.41,-2.75,970,2406,-1421,0,0,4396,-0.0072,-0.025,0.097,-0.003,-4.35,-2.81,968,3158,-2109,0,0
7.680,253.0,-119.20,-23.54,-62.96,107.4,0.38,-0.55,-0.09,1.00,0.00,1.00,3,5221,386.3,2.20,-0.77,-0.40,-10.80,756,445,1894,-0.0730,-0.011,0.002,-0.098,-7.33,0.17,879,13,-1454,0,0,3630,-0.0374,-0.021,0.000,-0.100,-6.59,-0.58,888,-2,-2589,0,0,3020,-0.0402,0.028,0.107,0.007,-4.30,-2.86,979,2319,-1418,0,0,4460,-0.0045,0.023,0.094,-0.006,-4.26,-2.90,977,3168,-2138,0,0
7.800,256.6,-121.60,-23.54,-65.65,108.8,0.37,-0.57,0.00,1.00,0.00,1.00,3,5313,384.8,2.20,-0.74,-0.47,-9.81,775,456,2008,-0.0755,-0.020,-0.003,-0.097,-3.42,-3.74,893,-68,-1038,0,0,3857,-0.0375,-0.001,-0.002,-0.098,-3.39,-3.77,902,-92,-1923,0,0,2929,-0.0422,-0.017,0.112,0.012,-4.25,-2.92,996,2303,-1334,0,0,4293,-0.0044,0.001,0.100,0.000,-4.21,-2.95,994,3158,-1996,0,0
7.920,260.3,-123.97,-23.53,-68.43,110.1,0.36,-0.63,-0.32,1.00,0.00,1.00,3,5344,384.2,2.20,-0.77,-0.57,-12.88,794,464,1835,-0.0756,-0.001,0.003,-0.097,-13.51,6.35,884,29,-1691,0,0,4053,-0.0345,0.025,-0.004,-0.096,-11.57,4.41,895,-65,-3573,0,0,2845,-0.0434,-0.010,0.107,0.007,-4.10,-3.06,1002,2221,-1285,0,0,4698,-0.0023,0.017,0.091,-0.009,-4.06,-3.11,999,3336,-2172,0,0
8.040,264.0,-126.29,-23.53,-71.31,111.3,0.34,-0.60,0.00,1.00,0.00,1.00,3,5431,382.1,2.20,-0.74,-0.60,-13.14,813,479,2027,-0.0763,-0.006,-0.003,-0.097,-3.47,-3.69,913,-67,-1054,0,0,3660,-0.0339,0.004,-0.002,-0.098,-3.43,-3.73,924,-81,-1839,0,0,2981,-0.0439,-0.004,0.112,0.012,-4.55,-2.61,1018,2299,-1428,0,0,4365,-0.0015,0.006,0.098,-0.002,-4.50,-2.66,1016,3105,-2151,0,0
8.160,267.7,-128.57,-23.52,-74.27,112.6,0.36,-0.61,-0.23,1.00,0.00,1.00,3,5509,380.3,2.20,-0.71,-0.52,-12.99,832,493,2023,-0.0754,0.007,0.006,-0.094,-11.04,3.87,916,49,-1802,0,0,4025,-0.0347,-0.007,0.002,-0.098,-9.63,2.46,926,25,-3382,0,0,2803,-0.0433,0.005,0.115,0.015,-4.53,-2.63,1033,2189,-1330,0,0,4472,-0.0037,-0.018,0.100,0.000,-4.49,-2.68,1030,3218,-2174,0,0
8.280,271.5,-130.80,-23.52,-77.32,113.8,0.34,-0.67,0.00,1.00,0.00,1.00,3,5559,379.1,2.20,-0.73,-0.65,-14.93,850,508,1990,-0.0767,-0.011,-0.003,-0.097,-3.84,-3.33,932,-66,-1119,0,0,3896,-0.0318,0.024,-0.002,-0.098,-3.79,-3.37,945,-84,-2106,0,0,2955,-0.0446,-0.011,0.115,0.015,-5.03,-2.13,1042,2228,-1512,0,0,4573,0.0003,0.033,0.098,-0.002,-4.97,-2.19,1040,3143,-2407,0,0
8.400,275.3,-132.97,-23.52,-80.46,115.0,0.35,-0.68,-0.29,1.00,0.00,1.00,3,5652,376.8,2.20,-0.70,-0.67,-15.42,869,524,1729,-0.0780,-0.010,0.015,-0.085,-16.27,9.11,922,85,-1598,0,0,4004,-0.0330,-0.010,0.003,-0.097,-13.99,6.83,932,41,-3566,0,0,2694,-0.0449,-0.002,0.123,0.023,-5.19,-1.97,1060,2072,-1374,0,0,4616,0.0001,-0.002,0.105,0.005,-5.12,-2.04,1057,3238,-2420,0,0
8.520,279.2,-135.08,-23.51,-83.68,116.1,0.32,-0.69,0.00,0.95,0.00,1.00,3,5710,360.7,2.14,-0.67,-0.70,-16.01,885,542,2025,-0.0775,0.004,-0.003,-0.097,-4.51,-2.65,949,-62,-1282,0,0,3987,-0.0303,0.022,-0.002,-0.098,-4.45,-2.71,963,-85,-2426,0,0,2803,-0.0471,-0.018,0.124,0.024,-5.77,-1.39,1071,2090,-1524,0,0,4631,-0.0002,-0.002,0.107,0.007,-5.70,-1.47,1068,3146,-2587,0,0
8.640,283.1,-137.12,-23.51,-87.00,117.2,0.35,-0.71,-0.20,0.98,0.00,1.00,3,5761,369.4,2.17,-0.69,-0.67,-13.58,903,557,1819,-0.0774,0.000,-0.001,-0.099,-8.58,1.41,954,-7,-1575,0,0,4025,-0.0315,-0.009,-0.003,-0.097,-7.82,0.66,964,-70,-3278,0,0,2801,-0.0450,0.017,0.123,0.023,-5.78,-1.38,1080,2068,-1542,0,0,4659,0.0009,0.010,0.107,0.007,-5.72,-1.45,1077,3153,-2615,0,0
8.760,287.0,-139.08,-23.51,-90.40,118.2,0.32,-0.73,0.00,0.97,0.00,1.00,3,5808,340.5,2.10,-0.62,-0.75,-14.24,919,570,1834,-0.0795,-0.017,-0.003,-0.097,-4.92,-2.25,967,-65,-1234,0,0,4142,-0.0301,0.011,-0.002,-0.098,-4.86,-2.30,979,-87,-2668,0,0,2748,-0.0474,-0.020,0.123,0.023,-6.01,-1.15,1089,2005,-1550,0,0,4461,0.0008,-0.001,0.107,0.007,-5.94,-1.22,1086,2985,-2571,0,0
8.880,291.0,-140.98,-23.51,-93.88,119.3,0.34,-0.71,0.00,1.00,0.00,1.00,3,5842,364.3,2.16,-0.66,-0.67,-11.50,936,582,1927,-0.0774,0.017,-0.003,-0.097,-5.02,-2.14,977,-61,-1315,0,0,4001,-0.0303,-0.002,-0.002,-0.098,-4.97,-2.19,987,-84,-2628,0,0,2917,-0.0456,0.015,0.117,0.017,-5.90,-1.27,1095,2091,-1658,0,0,4673,0.0015,0.005,0.104,0.004,-5.84,-1.32,1093,3086,-2691,0,0
9.000,295.0,-142.79,-23.50,-97.44,120.5,0.34,-0.69,0.00,1.00,0.00,1.00,3,5904,368.5,2.19,-0.65,-0.63,-8.61,954,588,1861,-0.0781,-0.006,-0.003,-0.097,-4.83,-2.33,988,-62,-1242,0,0,3845,-0.0322,-0.016,-0.002,-0.098,-4.79,-2.37,996,-85,-2477,0,0,2882,-0.0447,0.007,0.117,0.017,-5.48,-1.68,1107,2121,-1564,0,0,4563,0.0012,-0.002,0.106,0.006,-5.44,-1.72,1104,3140,-2495,0,0
9.120,299.0,-144.54,-23.50,-101.09,121.7,0.35,-0.66,0.00,1.00,0.00,1.00,3,5927,369.5,2.20,-0.67,-0.54,-6.76,972,590,2015,-0.0771,0.009,-0.003,-0.097,-4.40,-2.77,1000,-68,-1262,0,0,3925,-0.0323,-0.001,-0.002,-0.098,-4.37,-2.79,1006,-91,-2378,0,0,2907,-0.0443,0.004,0.108,0.008,-4.90,-2.26,1111,2156,-1504,0,0,4663,-0.0002,-0.012,0.099,-0.001,-4.88,-2.29,1108,3240,-2417,0,0
9.240,303.1,-146.21,-23.50,-104.81,123.0,0.35,-0.63,-0.07,1.00,0.00,1.00,3,5910,370.4,2.20,-0.71,-0.44,-3.79,992,588,2037,-0.0759,0.009,-0.003,-0.097,-3.81,-3.35,1012,-69,-1152,0,0,3771,-0.0340,-0.014,-0.002,-0.098,-3.80,-3.37,1016,-88,-2070,0,0,3043,-0.0415,0.023,0.091,-0.009,-4.09,-3.07,1108,2204,-1466,0,0,4522,0.0004,0.006,0.086,-0.014,-4.08,-3.08,1106,3100,-2169,0,0
9.360,307.2,-147.81,-23.50,-108.61,124.1,0.32,-0.68,-0.40,1.00,0.00,1.00,3,5959,369.4,2.20,-0.67,-0.52,-9.27,1011,584,1795,-0.0778,-0.016,0.014,-0.086,-16.52,9.36,996,78,-1658,0,0,4175,-0.0328,0.010,0.003,-0.097,-14.02,6.86,1003,28,-3708,0,0,2731,-0.0437,-0.019,0.092,-0.008,-3.60,-3.57,1117,2070,-1182,0,0,4547,0.0003,-0.001,0.082,-0.018,-3.57,-3.59,1115,3163,-1980,0,0
9.480,311.4,-149.34,-23.51,-112.47,125.2,0.31,-0.60,0.00,1.00,0.00,1.00,3,5993,368.6,2.20,-0.66,-0.39,-10.12,1030,596,2246,-0.0742,0.030,-0.003,-0.097,-3.13,-4.03,1030,-71,-1072,0,0,3738,-0.0324,0.004,-0.002,-0.098,-3.10,-4.06,1038,-82,-1731,0,0,3160,-0.0423,0.012,0.088,-0.012,-3.87,-3.30,1123,2286,-1464,0,0,4448,-0.0004,-0.006,0.078,-0.022,-3.84,-3.32,1121,2960,-2083,0,0
9.600,315.6,-150.81,-23.51,-116.41,126.5,0.34,-0.55,0.00,1.00,0.00,1.00,3,6036,367.2,2.20,-0.67,-0.19,-6.13,1050,606,2122,-0.0724,0.014,0.000,-0.100,-6.14,-1.02,1040,-2,-1508,0,0,3647,-0.0365,-0.035,0.000,-0.100,-5.57,-1.60,1045,-19,-2406,0,0,3124,-0.0386,0.031,0.083,-0.017,-3.48,-3.68,1131,2255,-1361,0,0,4413,-0.0027,-0.018,0.076,-0.024,-3.46,-3.70,1129,2985,-1924,0,0
9.720,319.8,-152.21,-23.51,-120.41,127.8,0.34,-0.51,0.00,1.00,0.00,1.00,3,6062,366.3,2.20,-0.70,-0.07,-3.78,1071,610,2311,-0.0712,0.010,-0.002,-0.098,-2.72,-4.44,1054,-74,-987,0,0,3652,-0.0370,-0.004,-0.002,-0.098,-2.71,-4.45,1058,-86,-1523,0,0,3177,-0.0378,0.006,0.075,-0.025,-2.99,-4.17,1136,2259,-1254,0,0,4488,-0.0038,-0.010,0.070,-0.030,-2.98,-4.18,1134,3011,-1760,0,0
9.840,324.1,-153.57,-23.51,-124.48,129.1,0.33,-0.51,-0.26,1.00,0.00,1.00,3,6090,365.3,2.20,-0.73,-0.03,-5.21,1093,608,2017,-0.0709,0.003,0.005,-0.095,-10.39,3.23,1055,50,-1782,0,0,3743,-0.0382,-0.010,0.001,-0.099,-8.86,1.69,1060,18,-3098,0,0,3069,-0.0359,0.016,0.069,-0.031,-2.36,-4.81,1141,2187,-1000,0,0,4520,-0.0031,0.006,0.063,-0.037,-2.35,-4.82,1139,2995,-1463,0,0
9.960,328.4,-154.86,-23.51,-128.61,130.3,0.31,-0.46,0.00,0.00,0.00,1.00,3,6161,362.8,2.20,-0.69,0.04,-6.57,1114,618,2523,-0.0700,0.007,-0.002,-0.098,-2.06,-5.10,1075,-79,-827,0,0,3644,-0.0375,0.005,-0.002,-0.098,-2.05,-5.11,1080,-85,-1169,0,0,3301,-0.0365,-0.005,0.072,-0.028,-2.52,-4.64,1154,2365,-1124,0,0,4157,-0.0050,-0.016,0.066,-0.034,-2.51,-4.65,1153,2794,-1422,0,0
10.080,332.8,-156.10,-23.51,-132.78,130.4,0.04,-0.49,-0.24,0.00,0.00,1.00,3,5688,-65.4,0.64,-0.56,0.10,-6.92,1124,617,2608,-0.0648,0.043,0.012,-0.088,-11.61,4.45,1068,149,-2311,0,0,4292,-0.0349,0.022,0.005,-0.095,-9.79,2.63,1072,123,-3583,0,0,2584,-0.0380,-0.012,-0.013,-0.087,-2.14,-5.02,1063,-456,-880,0,0,4114,-0.0080,-0.025,-0.015,-0.085,-2.13,-5.03,1066,-821,-1359,0,0
10.200,337.1,-157.26,-23.51,-136.95,129.4,-0.21,-0.54,0.00,0.00,0.00,1.00,3,5629,-64.9,0.24,-0.15,-0.09,-11.03,1114,610,3010,-0.0605,0.036,-0.001,-0.099,-2.02,-5.14,1066,-32,-950,0,0,4774,-0.0244,0.087,-0.001,-0.099,-2.00,-5.16,1075,-33,-1456,0,0,2481,-0.0505,-0.104,-0.014,-0.086,-2.80,-4.36,1052,-444,-1066,0,0,3545,-0.0145,-0.054,-0.019,-0.081,-2.78,-4.38,1056,-835,-1481,0,0
10.320,341.4,-158.35,-23.51,-141.10,128.6,-0.17,-0.46,0.00,0.00,0.00,1.00,3,5598,-64.7,0.20,-0.03,0.13,-6.83,1103,608,3076,-0.0539,0.055,-0.001,-0.099,-2.32,-4.84,1061,-31,-1120,0,0,4321,-0.0233,0.009,-0.001,-0.099,-2.31,-4.85,1067,-40,-1535,0,0,2676,-0.0509,-0.004,-0.014,-0.086,-2.81,-4.35,1047,-493,-1158,0,0,3723,-0.0203,-0.049,-0.017,-0.083,-2.79,-4.37,1049,-795,-1574,0,0
10.440,345.7,-159.37,-23.51,-145.25,127.8,-0.17,-0.45,-0.08,0.00,0.00,1.00,3,5565,-64.5,0.20,-0.02,0.20,-3.46,1089,595,2923,-0.0543,-0.004,-0.001,-0.099,-2.17,-5.00,1056,-28,-1007,0,0,4132,-0.0253,-0.016,-0.001,-0.099,-2.16,-5.00,1059,-40,-1393,0,0,2607,-0.0511,-0.002,-0.015,-0.085,-2.42,-4.75,1041,-526,-992,0,0,3631,-0.0221,-0.015,-0.016,-0.084,-2.41,-4.75,1043,-756,-1356,0,0
10.560,349.9,-160.31,-23.51,-149.38,126.8,-0.21,-0.64,0.00,0.00,0.00,1.00,3,5526,-64.2,0.20,-0.01,-0.15,-13.94,1073,580,2568,-0.0585,-0.035,-0.011,-0.089,-1.56,-5.60,1035,-314,-1495,0,0,4840,-0.0191,0.051,-0.006,-0.094,-1.55,-5.61,1051,-413,-2468,0,0,2064,-0.0572,-0.050,-0.012,-0.088,-2.57,-4.60,1032,-338,-821,0,0,4166,-0.0185,0.030,-0.017,-0.083,-2.54,-4.62,1037,-934,-1582,0,0
10.680,354.1,-161.17,-23.51,-153.50,125.9,-0.17,-0.44,0.00,0.00,0.00,1.00,3,5483,-63.9,0.20,-0.02,0.06,-8.47,1059,583,2947,-0.0559,0.022,-0.001,-0.099,-2.31,-4.85,1039,-29,-1065,0,0,4132,-0.0224,-0.027,-0.001,-0.099,-2.29,-4.87,1046,-36,-1457,0,0,2655,-0.0532,0.033,-0.014,-0.086,-2.92,-4.24,1025,-467,-1188,0,0,3688,-0.0197,-0.010,-0.017,-0.083,-2.91,-4.26,1028,-800,-1609,0,0
10.800,358.3,-161.97,-23.51,-157.61,125.1,-0.17,-0.46,0.00,0.00,0.00,1.00,3,5449,-63.7,0.20,-0.02,0.21,-4.61,1044,574,3078,-0.0554,0.004,-0.001,-0.099,-2.28,-4.88,1034,-31,-1106,0,0,4330,-0.0248,-0.020,-0.001,-0.099,-2.27,-4.89,1037,-39,-1520,0,0,2596,-0.0521,0.009,-0.015,-0.085,-2.62,-4.55,1019,-509,-1060,0,0,3591,-0.0226,-0.024,-0.016,-0.084,-2.61,-4.56,1021,-759,-1437,0,0
10.920,362.5,-162.68,-23.50,-161.70,124.2,-0.19,-0.61,0.00,0.00,0.00,1.00,3,5416,-63.4,0.20,-0.04,-0.04,-12.03,1029,558,2472,-0.0579,-0.021,0.012,-0.088,-13.79,6.63,1006,114,-2252,0,0,4755,-0.0210,0.032,0.002,-0.098,-11.57,4.40,1015,46,-4126,0,0,2177,-0.0552,-0.026,-0.012,-0.088,-2.50,-4.66,1012,-356,-851,0,0,4106,-0.0182,0.036,-0.017,-0.083,-2.48,-4.68,1016,-884,-1539,0,0
11.040,366.6,-163.32,-23.50,-165.77,123.3,-0.18,-0.48,0.00,0.00,0.00,1.00,3,5367,-63.1,0.20,0.00,0.04,-9.47,1015,560,2928,-0.0575,0.003,-0.001,-0.099,-2.31,-4.85,1017,-30,-1057,0,0,4156,-0.0224,-0.012,-0.001,-0.099,-2.30,-4.87,1024,-36,-1462,0,0,2573,-0.0549,0.002,-0.014,-0.086,-3.01,-4.15,1003,-446,-1181,0,0,2337,-0.0202,-0.016,-0.012,-0.088,-3.10,-4.06,1005,-475,-1074,0,0
11.160,370.7,-163.89,-23.50,-169.83,122.5,-0.17,-0.47,0.00,0.00,0.00,1.00,3,5337,-62.9,0.20,-0.03,0.22,-5.52,1001,552,3004,-0.0550,0.021,-0.001,-0.099,-2.36,-4.80,1012,-30,-1114,0,0,4252,-0.0237,-0.011,-0.001,-0.099,-2.35,-4.81,1016,-40,-1540,0,0,2715,-0.0533,0.013,-0.014,-0.086,-2.77,-4.39,998,-506,-1164,0,0,3792,-0.0221,-0.016,-0.016,-0.084,-2.76,-4.40,1000,-778,-1590,0,0
11.280,374.7,-164.39,-23.50,-173.87,121.7,-0.17,-0.43,0.00,0.00,0.00,1.00,3,5306,-62.6,0.20,-0.05,0.33,-2.47,988,537,2910,-0.0548,0.002,-0.001,-0.099,-2.05,-5.11,1006,-42,-956,0,0,4050,-0.0261,-0.020,-0.001,-0.099,-2.05,-5.12,1009,-39,-1303,0,0,2646,-0.0513,0.017,-0.015,-0.085,-2.24,-4.93,993,-526,-942,0,0,3597,-0.0227,-0.005,-0.015,-0.085,-2.23,-4.93,994,-720,-1259,0,0
11.400,378.8,-164.83,-23.50,-177.89,121.0,-0.17,-0.35,0.00,0.00,0.00,1.00,3,5277,-62.4,0.20,-0.03,0.52,-0.94,975,520,3242,-0.0529,0.015,-0.001,-0.099,-1.59,-5.57,1001,-34,-839,0,0,4118,-0.0283,-0.018,-0.001,-0.099,-1.59,-5.57,1002,-45,-1050,0,0,2717,-0.0502,0.009,-0.014,-0.086,-1.66,-5.50,988,-566,-736,0,0,3373,-0.0266,-0.033,-0.014,-0.086,-1.66,-5.50,989,-684,-904,0,0
11.520,382.8,-165.23,-23.50,-181.89,120.2,-0.17,-0.27,0.00,0.00,0.00,1.00,3,5252,-62.3,0.20,-0.09,0.76,-0.07,963,504,3290,-0.0492,0.031,-0.001,-0.099,-1.13,-6.03,996,-32,-614,0,0,3835,-0.0310,-0.022,-0.001,-0.099,-1.13,-6.03,996,-39,-710,0,0,2932,-0.0463,0.032,-0.013,-0.087,-1.14,-6.02,983,-587,-551,0,0,3415,-0.0281,-0.012,-0.013,-0.087,-1.14,-6.02,984,-655,-637,0,0
11.640,386.8,-165.59,-23.49,-185.86,119.5,-0.16,-0.19,0.00,0.00,0.00,1.00,3,5221,-62.0,0.20,-0.08,0.96,0.33,951,489,3290,-0.0481,0.009,-0.001,-0.099,-0.74,-6.42,990,-32,-405,0,0,3634,-0.0352,-0.035,-0.001,-0.099,-0.74,-6.42,990,-37,-445,0,0,2885,-0.0442,0.018,-0.013,-0.087,-0.71,-6.45,977,-592,-344,0,0,669,-0.0320,-0.032,-0.001,-0.099,-0.78,-6.38,976,-100,-84,0,0
11.760,390.7,-165.93,-23.49,-189.77,115.8,-0.87,-0.10,0.00,0.00,1.00,1.00,3,4173,-54.6,0.20,0.38,1.25,0.75,909,460,4681,-0.0335,0.122,-0.187,0.087,-0.50,-6.66,786,-4345,-194,858,1,4670,-0.0269,0.069,-0.193,0.093,-0.50,-6.66,780,-4335,-194,858,1,2123,-0.0528,-0.071,-0.186,0.086,-0.45,-6.71,781,-2052,-82,462,1,2096,-0.0462,-0.118,-0.185,0.085,-0.45,-6.71,782,-2027,-82,462,1
11.880,394.5,-166.24,-23.48,-193.52,111.3,-1.07,-0.06,0.00,0.00,1.00,1.00,3,3927,-52.9,0.20,0.93,1.40,0.00,849,425,4728,-0.0194,0.118,-0.198,0.098,-0.31,-6.86,746,-4386,-118,858,1,4766,-0.0169,0.083,-0.173,0.073,-0.31,-6.86,746,-4423,-124,2860,0,1802,-0.0631,-0.086,-0.203,0.103,-0.31,-6.85,734,-1747,-45,462,1,1809,-0.0607,-0.121,-0.203,0.103,-0.31,-6.85,734,-1754,-46,462,1
12.000,398.1,-166.54,-23.47,-197.14,107.6,-0.88,-0.05,0.00,0.00,0.00,1.00,3,3962,-53.3,0.20,1.09,1.45,-0.62,788,394,4196,-0.0188,0.005,-0.003,-0.097,-0.21,-6.95,890,-123,-145,0,0,4503,-0.0164,0.004,-0.003,-0.097,-0.21,-6.95,891,-147,-154,0,0,2070,-0.0682,-0.043,-0.172,0.072,-0.26,-6.90,761,-2004,-50,0,0,2082,-0.0669,-0.051,-0.172,0.072,-0.26,-6.90,761,-2015,-50,0,0
12.120,401.7,-166.82,-23.47,-200.69,106.2,-0.34,-0.06,0.00,0.00,0.00,1.00,3,4651,-58.0,0.20,0.53,1.45,-0.70,759,379,3579,-0.0282,-0.078,-0.001,-0.099,-0.15,-7.01,880,-44,-91,0,0,3664,-0.0261,-0.081,-0.001,-0.099,-0.15,-7.01,881,-44,-93,0,0,2958,-0.0560,0.102,-0.012,-0.088,-0.20,-6.96,871,-518,-99,0,0,3037,-0.0538,0.108,-0.012,-0.088,-0.20,-6.96,871,-543,-102,0,0
12.240,405.2,-167.10,-23.47,-204.21,105.6,-0.14,-0.05,0.00,0.00,0.00,1.00,3,4622,-57.8,0.20,0.05,1.47,-0.31,745,372,3169,-0.0388,-0.089,-0.001,-0.099,-0.10,-7.07,875,-26,-51,0,0,3212,-0.0369,-0.091,-0.001,-0.099,-0.10,-7.07,875,-28,-52,0,0,3171,-0.0433,0.105,-0.012,-0.088,-0.12,-7.04,865,-569,-63,0,0,3230,-0.0415,0.103,-0.012,-0.088,-0.12,-7.05,865,-584,-64,0,0
12.360,408.7,-167.36,-23.47,-207.71,104.9,-0.15,-0.04,0.00,0.00,0.00,1.00,3,4589,-57.6,0.20,-0.06,1.51,-0.14,733,366,3552,-0.0423,-0.029,-0.001,-0.099,-0.03,-7.13,869,-39,-22,0,0,3554,-0.0406,-0.031,-0.001,-0.099,-0.03,-7.13,869,-39,-22,0,0,2999,-0.0411,0.019,-0.012,-0.088,-0.05,-7.12,859,-577,-24,0,0,2963,-0.0404,0.009,-0.013,-0.087,-0.05,-7.12,859,-576,-24,0,0
12.480,412.2,-167.62,-23.46,-211.18,104.4,-0.12,-0.03,0.00,1.00,0.00,1.00,3,4680,96.8,0.39,-0.16,1.57,-0.09,724,361,3466,-0.0420,0.003,-0.001,-0.099,0.02,-7.14,865,-55,11,0,0,3420,-0.0418,-0.010,-0.001,-0.099,0.02,-7.14,865,-54,11,0,0,3183,-0.0393,0.014,0.012,-0.088,0.02,-7.15,877,523,7,0,0,3146,-0.0392,0.011,0.012,-0.088,0.02,-7.15,877,515,7,0,0
12.600,415.7,-167.88,-23.46,-214.67,105.0,0.14,-0.02,0.00,0.00,0.00,1.00,3,4754,147.1,1.42,-0.33,1.60,-0.09,729,366,2893,-0.0476,-0.047,-0.001,-0.099,0.07,-7.10,870,-60,31,0,0,2849,-0.0481,-0.052,-0.001,-0.099,0.07,-7.10,870,-59,30,0,0,3426,-0.0343,0.042,0.022,-0.078,0.06,-7.10,889,1240,32,0,0,3393,-0.0348,0.036,0.022,-0.078,0.06,-7.10,889,1228,32,0,0
12.720,419.2,-168.13,-23.46,-218.15,104.6,-0.09,-0.01,0.00,0.00,0.00,1.00,3,4573,-57.4,0.36,-0.25,1.63,-0.06,726,365,3557,-0.0462,0.012,-0.001,-0.099,0.09,-7.07,866,-39,51,0,0,3513,-0.0464,0.014,-0.001,-0.099,0.09,-7.07,866,-38,51,0,0,3005,-0.0365,-0.018,-0.012,-0.088,0.08,-7.08,856,-580,40,0,0,2905,-0.0379,-0.026,-0.013,-0.087,0.08,-7.08,856,-568,39,0,0
12.840,422.7,-168.38,-23.46,-221.62,104.0,-0.15,-0.01,0.00,0.00,0.00,1.00,3,4547,-57.3,0.21,-0.16,1.68,-0.05,719,361,3615,-0.0419,0.036,-0.001,-0.099,0.11,-7.05,861,-39,64,0,0,3535,-0.0432,0.027,-0.001,-0.099,0.11,-7.05,861,-38,63,0,0,3078,-0.0380,-0.012,-0.012,-0.088,0.10,-7.06,851,-577,52,0,0,3007,-0.0393,-0.012,-0.012,-0.088,0.10,-7.06,851,-570,51,0,0
12.960,426.1,-168.63,-23.45,-225.06,103.4,-0.15,-0.01,0.00,0.00,0.00,1.00,3,4518,-57.1,0.20,-0.04,1.68,-0.04,711,356,3355,-0.0433,-0.012,-0.001,-0.099,0.13,-7.04,856,-34,69,0,0,3289,-0.0448,-0.013,-0.001,-0.099,0.13,-7.04,856,-33,68,0,0,2994,-0.0396,-0.013,-0.012,-0.088,0.12,-7.04,846,-572,58,0,0,2932,-0.0410,-0.014,-0.012,-0.088,0.12,-7.04,846,-566,57,0,0
13.080,429.5,-168.88,-23.45,-228.49,102.8,-0.14,-0.01,0.00,0.00,0.00,1.00,3,4493,-56.9,0.20,0.01,1.71,-0.07,703,352,3615,-0.0420,0.011,-0.001,-0.099,0.13,-7.03,851,-41,77,0,0,3552,-0.0428,0.017,-0.001,-0.099,0.13,-7.03,851,-40,76,0,0,2939,-0.0423,-0.023,-0.013,-0.087,0.13,-7.03,841,-578,61,0,0,2832,-0.0445,-0.029,-0.013,-0.087,0.13,-7.03,841,-565,59,0,0
13.200,433.0,-169.12,-23.45,-231.89,102.2,-0.14,-0.01,0.08,0.00,0.00,1.00,3,4469,-56.7,0.20,-0.05,1.75,-0.08,695,348,3571,-0.0409,0.009,-0.001,-0.099,0.14,-7.02,846,-38,82,0,0,3474,-0.0427,0.001,-0.001,-0.099,0.14,-7.02,846,-37,80,0,0,3114,-0.0397,0.022,-0.012,-0.088,0.14,-7.03,837,-572,69,0,0,3039,-0.0415,0.025,-0.012,-0.088,0.14,-7.03,837,-565,67,0,0
13.320,436.4,-169.38,-23.45,-235.27,101.4,-0.18,0.32,0.00,0.00,0.00,1.00,3,4434,-56.5,0.20,0.04,2.37,16.23,685,344,4290,-0.0352,0.047,0.003,-0.097,12.55,5.38,828,44,3776,0,0,2388,-0.0531,-0.086,0.015,-0.085,15.44,8.28,815,124,2183,0,0,3710,-0.0319,0.065,-0.016,-0.084,0.89,-6.28,833,-862,479,0,0,2087,-0.0497,-0.068,-0.007,-0.093,0.90,-6.26,827,-246,281,0,0
13.440,439.7,-169.68,-23.46,-238.63,100.7,-0.15,0.22,0.00,0.00,0.00,1.00,3,4394,-56.2,0.20,0.04,2.50,13.21,675,360,3998,-0.0312,0.033,-0.001,-0.099,1.22,-5.94,839,-37,735,0,0,3240,-0.0513,0.015,-0.001,-0.099,1.23,-5.93,829,-42,610,0,0,3232,-0.0333,-0.012,-0.018,-0.082,2.41,-4.75,825,-772,1188,0,0,2596,-0.0548,-0.042,-0.010,-0.090,2.44,-4.72,821,-356,981,0,0
13.560,443.1,-170.01,-23.46,-241.95,100.0,-0.14,0.35,0.18,0.00,0.00,1.00,3,4367,-56.0,0.20,-0.09,2.66,9.73,667,363,4288,-0.0293,0.016,-0.001,-0.099,4.33,-2.83,829,-56,2547,0,0,2683,-0.0532,-0.016,-0.001,-0.099,4.94,-2.22,822,-11,1784,0,0,3708,-0.0288,0.038,-0.016,-0.084,2.53,-4.63,819,-763,1435,0,0,2393,-0.0526,0.018,-0.011,-0.089,2.55,-4.61,816,-354,957,0,0
13.680,446.4,-170.41,-23.46,-245.25,99.1,-0.18,0.57,0.00,0.00,0.00,1.00,3,4319,-55.6,0.20,0.01,3.21,16.95,655,360,4377,-0.0243,0.042,0.000,-0.100,1.78,-5.38,827,27,1297,0,0,2354,-0.0641,-0.090,0.000,-0.100,1.81,-5.35,814,-70,752,0,0,3802,-0.0213,0.062,-0.019,-0.081,3.32,-3.85,811,-843,1815,0,0,2093,-0.0610,-0.070,-0.010,-0.090,3.37,-3.79,806,-242,1048,0,0
13.800,449.7,-170.86,-23.47,-248.51,98.5,-0.13,0.41,0.10,0.00,0.00,1.00,3,4282,-55.4,0.20,-0.01,3.08,11.28,646,365,4315,-0.0252,-0.007,-0.001,-0.099,2.69,-4.47,819,-43,1744,0,0,2876,-0.0589,0.043,-0.001,-0.099,2.72,-4.44,810,-33,1201,0,0,3500,-0.0270,-0.048,-0.019,-0.081,3.73,-3.43,804,-765,1875,0,0,2244,-0.0622,-0.009,-0.013,-0.087,3.77,-3.39,800,-341,1244,0,0
13.920,452.9,-171.40,-23.47,-251.73,97.4,-0.19,0.70,0.47,0.00,0.00,1.00,3,4243,-55.1,0.20,-0.11,3.56,17.79,634,359,4959,-0.0173,0.065,-0.002,-0.098,15.41,8.25,783,-13,4361,0,0,2230,-0.0639,-0.042,0.013,-0.087,18.36,11.19,769,89,2039,0,0,4119,-0.0184,0.072,-0.019,-0.081,3.96,-3.20,797,-864,2269,0,0,1810,-0.0650,-0.024,-0.010,-0.090,4.03,-3.13,791,-202,1054,0,0
14.040,456.2,-172.01,-23.47,-254.89,96.0,-0.27,0.71,0.85,0.00,0.00,1.00,3,4166,-54.6,0.20,0.04,3.78,21.53,618,358,4719,-0.0163,0.008,0.026,-0.074,29.23,22.07,718,194,4053,0,0,2278,-0.0687,-0.040,0.087,-0.013,35.13,27.97,698,256,1993,0,0,3799,-0.0174,0.008,-0.023,-0.077,4.93,-2.23,783,-846,2441,0,0,1705,-0.0701,-0.043,-0.010,-0.090,5.04,-2.12,777,-173,1159,0,0
14.160,459.3,-172.71,-23.47,-257.98,94.4,-0.31,0.68,0.00,0.00,0.00,1.00,3,4072,-53.9,0.20,0.12,3.78,24.06,598,359,4946,-0.0124,0.033,-0.003,-0.097,3.94,-3.22,787,-89,2708,0,0,2720,-0.0636,0.043,0.004,-0.096,4.04,-3.13,773,35,1577,0,0,3563,-0.0244,-0.058,-0.030,-0.070,6.23,-0.94,765,-857,2603,0,0,1654,-0.0769,-0.056,-0.014,-0.086,6.38,-0.79,759,-189,1278,0,0
14.280,462.5,-173.49,-23.47,-261.01,93.6,-0.12,0.70,0.00,0.00,0.00,1.00,3,4037,-53.6,0.20,-0.16,3.78,17.92,586,363,4701,-0.0140,-0.013,-0.001,-0.099,4.93,-2.24,778,-39,3021,0,0,2298,-0.0650,-0.011,-0.001,-0.099,5.02,-2.15,764,-18,1552,0,0,4076,-0.0188,0.047,-0.026,-0.074,6.65,-0.51,758,-820,3078,0,0,2075,-0.0697,0.060,-0.015,-0.085,6.77,-0.39,753,-243,1646,0,0
14.400,465.6,-174.36,-23.47,-263.99,92.7,-0.13,0.70,0.00,0.00,0.00,1.00,3,3994,-53.3,0.20,-0.20,3.79,11.27,574,356,4331,-0.0197,-0.047,-0.001,-0.099,5.18,-1.98,768,-35,2903,0,0,2063,-0.0708,-0.048,-0.001,-0.099,5.24,-1.92,759,-15,1444,0,0,3974,-0.0158,0.025,-0.024,-0.076,6.26,-0.90,750,-766,2939,0,0,2012,-0.0676,0.018,-0.018,-0.082,6.34,-0.82,746,-297,1552,0,0
14.520,468.6,-175.31,-23.47,-266.91,91.8,-0.13,0.66,0.00,0.00,0.00,1.00,3,3963,-53.1,0.20,-0.13,3.76,8.97,563,344,4699,-0.0192,0.004,-0.001,-0.099,4.73,-2.44,761,-53,2968,0,0,2479,-0.0682,0.022,-0.001,-0.099,4.77,-2.39,754,-23,1632,0,0,3749,-0.0206,-0.040,-0.023,-0.077,5.61,-1.55,744,-759,2633,0,0,1820,-0.0710,-0.028,-0.019,-0.081,5.66,-1.50,740,-313,1330,0,0
14.640,471.7,-176.34,-23.47,-269.77,91.0,-0.14,0.66,0.20,0.00,0.00,1.00,3,3949,-53.0,0.20,-0.26,3.76,6.30,553,328,4630,-0.0177,0.012,0.001,-0.099,7.43,0.26,751,39,3445,0,0,2412,-0.0666,0.013,0.004,-0.096,8.20,1.04,747,61,1924,0,0,4020,-0.0179,0.023,-0.018,-0.082,4.67,-2.50,741,-724,2536,0,0,2150,-0.0668,0.035,-0.016,-0.084,4.70,-2.47,738,-350,1405,0,0
14.760,474.7,-177.45,-23.46,-272.57,89.9,-0.20,0.72,0.54,0.00,0.00,1.00,3,3906,-52.7,0.20,-0.20,3.90,11.60,540,311,4404,-0.0187,-0.009,0.008,-0.092,18.84,11.68,714,79,3896,0,0,2016,-0.0710,-0.037,0.029,-0.071,22.39,15.23,703,123,1835,0,0,3870,-0.0161,0.015,-0.019,-0.081,4.17,-2.99,733,-765,2244,0,0,1825,-0.0690,-0.018,-0.013,-0.087,4.22,-2.94,729,-258,1108,0,0
14.880,477.7,-178.62,-23.46,-275.31,89.0,-0.18,0.56,0.00,0.00,0.00,1.00,3,3857,-52.4,0.20,0.00,3.67,12.47,528,304,4500,-0.0210,-0.019,-0.002,-0.098,3.13,-4.03,739,-74,2073,0,0,2850,-0.0659,0.043,-0.001,-0.099,3.18,-3.98,730,-29,1362,0,0,3279,-0.0252,-0.076,-0.022,-0.078,4.40,-2.76,724,-751,1984,0,0,1922,-0.0716,-0.022,-0.015,-0.085,4.46,-2.70,720,-296,1208,0,0
15.000,480.6,-179.85,-23.46,-277.99,88.3,-0.13,0.52,0.00,0.00,0.00,1.00,3,3843,-52.3,0.20,-0.19,3.46,8.14,519,298,4387,-0.0219,-0.008,-0.001,-0.099,3.13,-4.04,733,-42,2037,0,0,2703,-0.0612,0.039,-0.001,-0.099,3.15,-4.01,727,-29,1299,0,0,3831,-0.0249,0.003,-0.017,-0.083,3.97,-3.19,721,-715,2161,0,0,2390,-0.0642,0.062,-0.013,-0.087,4.00,-3.16,718,-340,1393,0,0
15.120,483.5,-181.13,-23.45,-280.62,87.6,-0.13,0.47,0.00,0.00,0.00,1.00,3,3817,-52.1,0.20,-0.28,3.38,3.97,511,288,3510,-0.0258,-0.032,0.000,-0.100,2.77,-4.39,726,-47,1493,0,0,2030,-0.0628,-0.013,-0.003,-0.097,2.78,-4.38,722,-78,888,0,0,3661,-0.0226,0.019,-0.015,-0.085,3.17,-3.99,716,-650,1748,0,0,2357,-0.0600,0.034,-0.013,-0.087,3.19,-3.97,714,-390,1154,0,0
15.240,486.4,-182.46,-23.45,-283.21,86.9,-0.14,0.42,0.24,0.00,0.00,1.00,3,3782,-51.8,0.20,-0.02,3.26,5.82,503,275,4128,-0.0302,-0.037,0.001,-0.099,8.12,0.96,715,32,3226,0,0,2513,-0.0635,-0.006,0.006,-0.094,9.52,2.36,711,75,2122,0,0,3138,-0.0287,-0.051,-0.017,-0.083,2.44,-4.72,710,-693,1195,0,0,1760,-0.0620,-0.016,-0.015,-0.085,2.46,-4.71,707,-354,689,0,0
15.360,489.3,-183.84,-23.45,-285.73,85.8,-0.23,0.63,0.62,0.00,0.00,1.00,3,3750,-51.6,0.20,-0.03,3.72,20.20,492,267,4938,-0.0194,0.090,0.008,-0.092,20.04,12.88,680,79,4323,0,0,2485,-0.0633,0.002,0.030,-0.070,24.29,17.13,660,143,2236,0,0,3774,-0.0250,0.030,-0.019,-0.081,3.14,-4.02,705,-855,1720,0,0,1885,-0.0700,-0.067,-0.006,-0.094,3.21,-3.95,699,-148,907,0,0
15.480,492.2,-185.27,-23.45,-288.17,84.3,-0.31,0.69,0.00,0.00,0.00,1.00,3,3673,-51.1,0.20,-0.10,4.01,27.05,477,268,5037,-0.0120,0.062,-0.082,-0.018,1.77,-5.40,656,-1718,4087,0,0,2508,-0.0639,-0.005,-0.125,0.025,1.82,-5.34,604,-930,2104,0,0,3852,-0.0203,0.040,-0.023,-0.077,4.62,-2.54,692,-890,2352,0,0,1683,-0.0722,-0.018,-0.004,-0.096,4.76,-2.40,684,-77,1099,0,0
15.600,494.9,-186.75,-23.44,-290.54,83.5,-0.14,0.52,0.00,0.00,0.00,1.00,3,3615,-50.7,0.20,-0.04,3.71,18.93,466,275,4011,-0.0224,-0.087,-0.001,-0.099,3.55,-3.61,696,-29,2036,0,0,2397,-0.0660,-0.017,-0.001,-0.099,3.62,-3.54,681,-25,1270,0,0,3613,-0.0233,-0.026,-0.025,-0.075,5.57,-1.59,679,-791,2514,0,0,2137,-0.0678,0.037,-0.011,-0.089,5.69,-1.47,674,-213,1558,0,0
15.720,497.7,-188.29,-23.44,-292.84,82.7,-0.13,0.65,0.32,0.00,0.00,1.00,3,3580,-50.4,0.20,-0.05,3.86,18.76,457,274,4852,-0.0206,0.015,0.002,-0.098,12.38,5.22,677,42,4217,0,0,2301,-0.0659,0.000,0.011,-0.089,14.39,7.23,663,101,2102,0,0,3806,-0.0254,-0.017,-0.025,-0.075,5.69,-1.47,673,-820,2673,0,0,1566,-0.0725,-0.039,-0.012,-0.088,5.82,-1.35,667,-174,1164,0,0
15.840,500.4,-189.89,-23.44,-295.06,81.3,-0.23,0.80,0.70,0.00,0.00,1.00,3,3528,-50.0,0.20,-0.24,4.31,21.35,444,267,5142,-0.0113,0.077,0.018,-0.082,25.09,17.93,627,168,4434,0,0,2203,-0.0695,-0.030,0.058,-0.042,29.93,22.77,609,199,1960,0,0,4187,-0.0162,0.076,-0.024,-0.076,6.09,-1.07,664,-826,3026,0,0,1706,-0.0745,-0.017,-0.009,-0.091,6.24,-0.92,657,-131,1312,0,0
15.960,503.1,-191.54,-23.43,-297.17,79.7,-0.31,0.74,0.96,0.00,0.00,0.69,3,3442,-49.4,0.20,-0.20,4.30,19.72,427,260,4174,-0.0136,-0.019,0.038,-0.062,37.10,29.94,551,190,3562,0,0,1905,-0.0707,-0.010,0.128,0.028,44.48,37.32,523,236,1647,0,0,3655,-0.0174,-0.009,-0.026,-0.074,6.52,-0.64,647,-757,2749,0,0,1669,-0.0758,-0.011,-0.012,-0.088,6.68,-0.49,642,-156,1324,0,0
16.080,505.7,-193.22,-23.43,-299.18,77.9,-0.36,0.65,0.96,0.00,0.00,0.21,3,3335,-48.7,0.20,0.18,4.07,18.49,409,252,4669,-0.0164,-0.023,-0.005,-0.095,37.47,30.31,514,-26,3952,0,0,2585,-0.0675,0.027,0.022,-0.078,44.87,37.71,461,61,2238,0,0,2836,-0.0287,-0.095,-0.034,-0.066,6.76,-0.40,627,-727,2174,0,0,1134,-0.0799,-0.034,-0.020,-0.080,6.91,-0.25,622,-174,915,0,0
16.200,508.3,-194.93,-23.43,-301.08,75.5,-0.48,0.65,0.96,0.00,0.00,1.00,2,3663,-51.1,0.20,0.19,4.03,21.85,387,242,5145,-0.0104,0.050,-0.002,-0.098,37.80,30.63,499,-16,4319,0,0,3103,-0.0589,0.071,0.008,-0.092,45.24,38.08,437,22,2664,0,0,3141,-0.0325,-0.031,-0.248,0.148,7.46,0.30,480,-2565,1323,0,0,1396,-0.0829,-0.025,-0.236,0.136,7.67,0.50,472,-1156,641,0,0
16.320,510.8,-196.62,-23.42,-302.86,72.4,-0.65,0.63,0.97,0.00,0.00,1.00,2,3553,-50.6,0.20,0.16,3.93,30.15,358,233,5236,-0.0061,0.035,0.000,-0.100,38.80,31.63,475,2,4383,0,0,3198,-0.0522,0.056,0.015,-0.085,46.36,39.20,410,43,2739,0,0,3174,-0.0348,-0.019,-0.250,0.150,9.45,2.29,481,-2398,1629,0,0,1452,-0.0808,0.017,-0.229,0.129,9.83,2.66,479,-1081,837,0,0
16.440,513.1,-198.29,-23.42,-304.52,69.6,-0.55,0.62,0.97,0.00,0.00,1.00,2,3983,-53.2,0.20,0.22,3.90,32.51,330,230,4378,-0.0139,-0.064,0.007,-0.093,40.78,33.62,446,33,3706,0,0,2396,-0.0575,-0.045,0.026,-0.074,48.49,41.33,381,56,2073,0,0,3187,-0.0361,-0.011,-0.108,0.008,11.75,4.58,519,-1519,2478,0,0,1386,-0.0824,-0.013,-0.084,-0.016,12.27,5.11,509,-564,1166,0,0
16.560,515.4,-199.95,-23.42,-306.07,67.3,-0.40,0.67,0.97,0.00,0.00,1.00,2,3863,-52.4,0.20,0.40,4.05,30.96,308,226,4798,-0.0140,-0.001,0.001,-0.099,42.52,35.36,417,3,4025,0,0,2519,-0.0620,-0.038,0.020,-0.080,50.31,43.14,353,42,2172,0,0,2916,-0.0391,-0.026,-0.102,0.002,13.35,6.19,501,-1105,2421,0,0,975,-0.0872,-0.040,-0.076,-0.024,13.93,6.77,493,-282,871,0,0
16.680,517.6,-201.62,-23.43,-307.50,64.8,-0.43,0.73,0.97,0.00,0.00,1.00,2,3755,-51.7,0.20,0.12,4.27,29.17,286,219,5253,-0.0081,0.049,-0.001,-0.099,43.97,36.81,392,-2,4366,0,0,2671,-0.0600,0.017,0.014,-0.086,51.83,44.66,327,30,2294,0,0,3541,-0.0333,0.049,-0.090,-0.010,14.64,7.48,487,-1087,3003,0,0,1313,-0.0874,-0.001,-0.063,-0.037,15.27,8.11,480,-290,1189,0,0
16.800,519.7,-203.27,-23.43,-308.81,62.1,-0.43,0.77,0.97,0.00,0.00,1.00,2,3614,-50.7,0.20,-0.24,4.41,23.93,264,206,5203,-0.0054,0.022,-0.002,-0.098,45.14,37.98,367,-7,4322,0,0,2523,-0.0618,-0.016,0.010,-0.090,52.98,45.82,306,21,2170,0,0,3848,-0.0254,0.066,-0.082,-0.018,15.17,8.00,468,-1039,3289,0,0,1610,-0.0818,0.047,-0.059,-0.041,15.72,8.56,462,-321,1458,0,0
16.920,521.7,-204.91,-23.43,-310.00,59.8,-0.40,0.70,0.98,0.00,0.00,0.83,2,3444,-49.4,0.20,-0.23,4.35,16.12,243,191,3717,-0.0165,-0.092,0.002,-0.098,45.99,38.83,347,7,3159,0,0,1680,-0.0687,-0.057,0.010,-0.090,53.74,46.58,290,12,1463,0,0,3445,-0.0247,0.006,-0.083,-0.017,14.91,7.75,446,-959,2957,0,0,1553,-0.0805,0.010,-0.069,-0.031,15.29,8.13,441,-365,1395,0,0
17.040,523.7,-206.53,-23.43,-311.08,57.6,-0.35,0.67,0.98,0.52,0.00,0.35,2,3957,78.6,0.42,0.47,4.28,11.16,226,174,4709,-0.0188,-0.019,-0.015,-0.085,45.44,38.28,331,-54,3940,0,0,2289,-0.0687,0.000,-0.014,-0.086,53.09,45.93,279,-20,1974,0,0,2213,-0.0324,-0.064,0.086,-0.014,13.65,6.48,511,593,1949,0,0,286,-0.0823,-0.015,0.110,0.010,13.89,6.73,512,99,253,0,0
17.160,525.6,-208.16,-23.45,-312.06,56.2,-0.19,0.62,0.98,0.34,0.00,0.15,1,4242,19.2,0.56,0.47,4.23,12.03,214,162,4657,-0.0193,-0.004,-0.011,-0.089,44.49,37.33,331,-57,3904,0,0,2359,-0.0677,0.009,-0.017,-0.083,52.16,44.99,277,-35,2034,0,0,3416,-0.0354,-0.024,-0.137,0.037,12.90,5.73,393,-1206,2846,0,0,1490,-0.0837,-0.012,-0.130,0.030,13.16,6.00,388,-462,1308,0,0
17.280,527.4,-209.75,-23.47,-312.93,53.2,-0.58,0.64,0.98,0.00,0.00,0.75,1,4656,-58.0,0.33,0.46,4.33,14.78,194,143,5344,-0.0099,0.079,-0.009,-0.091,43.61,36.45,319,-44,4435,0,0,3141,-0.0571,0.088,-0.005,-0.095,51.33,44.17,270,-12,2678,0,0,3286,-0.0331,0.019,-0.203,0.103,12.51,5.35,349,-2054,2151,0,0,1289,-0.0844,-0.005,-0.210,0.110,12.84,5.67,337,-831,867,0,0
17.400,529.1,-211.28,-23.48,-313.70,50.3,-0.57,0.66,0.98,0.00,0.00,1.00,1,4570,-57.4,0.21,0.30,4.38,17.73,174,126,5268,-0.0053,0.038,-0.008,-0.092,42.86,35.69,307,-39,4381,0,0,2937,-0.0540,0.026,-0.003,-0.097,50.64,43.48,258,-8,2514,0,0,3218,-0.0340,-0.007,-0.180,0.080,12.34,5.18,341,-1902,2227,0,0,1510,-0.0837,0.005,-0.174,0.074,12.75,5.58,332,-883,1099,0,0
17.520,530.7,-212.77,-23.49,-314.36,47.6,-0.52,0.62,0.99,0.00,0.00,1.00,1,4229,-54.7,0.20,0.29,4.29,16.32,155,111,4031,-0.0127,-0.062,-0.002,-0.098,42.76,35.59,292,-7,3422,0,0,2196,-0.0623,-0.069,0.005,-0.095,50.54,43.38,246,9,1902,0,0,3090,-0.0342,-0.002,-0.150,0.050,12.03,4.87,292,-1944,2036,0,0,1566,-0.0813,0.020,-0.124,0.024,12.42,5.26,288,-933,1126,0,0
17.640,532.2,-214.19,-23.50,-314.93,44.8,-0.54,0.59,0.99,0.00,0.00,1.00,1,3821,-51.8,0.20,0.86,4.18,18.02,138,98,4851,-0.0150,-0.019,-0.007,-0.093,42.01,34.85,277,-35,4067,0,0,2811,-0.0610,0.011,-0.003,-0.097,49.82,42.66,232,-6,2413,0,0,3075,-0.0374,-0.027,-0.164,0.064,11.71,4.55,268,-2038,1915,0,0,1383,-0.0818,-0.004,-0.135,0.035,12.16,4.99,264,-878,952,0,0
17.760,533.7,-215.55,-23.51,-315.41,42.2,-0.52,0.54,0.99,0.00,0.00,1.00,1,3017,-46.8,0.20,1.15,4.06,26.02,123,87,4799,-0.0138,0.010,-0.008,-0.092,41.32,34.15,266,-39,4031,0,0,3064,-0.0560,0.041,0.000,-0.100,49.28,42.12,220,-2,2621,0,0,2585,-0.0466,-0.076,-0.472,0.372,12.84,5.67,229,-1930,1097,0,0,1169,-0.0887,-0.058,-0.451,0.351,13.59,6.42,228,-873,558,0,0
17.880,535.0,-216.84,-23.54,-315.81,39.4,-0.56,0.55,0.99,0.00,0.00,1.00,1,2665,-44.3,0.20,0.99,4.05,34.96,107,79,4957,-0.0121,0.015,-0.004,-0.096,41.31,34.15,252,-22,4153,0,0,3029,-0.0534,0.022,0.006,-0.094,49.49,42.33,202,15,2593,0,0,3004,-0.0447,0.016,-0.448,0.348,15.03,7.86,226,-2115,1456,0,0,1377,-0.0860,0.023,-0.413,0.313,16.30,9.14,225,-940,780,0,0
18.000,536.3,-218.06,-23.55,-316.13,36.5,-0.55,0.61,0.99,0.00,0.00,1.00,1,2340,-42.0,0.20,0.71,4.24,41.01,92,71,5008,-0.0098,0.019,-0.002,-0.098,41.98,34.82,232,-13,4189,0,0,3045,-0.0525,0.007,0.008,-0.092,50.43,43.27,181,19,2604,0,0,3244,-0.0392,0.045,-0.446,0.346,17.52,10.35,214,-2122,1768,0,0,1315,-0.0851,0.007,-0.399,0.299,19.39,12.23,212,-795,858,0,0
18.120,537.5,-219.20,-23.56,-316.37,33.5,-0.54,0.62,0.99,0.00,0.00,1.00,1,2020,-39.7,0.20,0.35,4.31,45.77,78,64,5036,-0.0079,0.016,-0.002,-0.098,43.18,36.02,210,-8,4205,0,0,2934,-0.0536,-0.008,0.011,-0.089,52.02,44.86,158,26,2510,0,0,3194,-0.0367,0.021,-0.498,0.398,20.48,13.31,185,-1995,1782,0,0,1363,-0.0849,0.002,-0.443,0.343,23.12,15.96,184,-766,917,0,0
18.240,538.5,-220.25,-23.57,-316.54,30.7,-0.48,0.64,0.00,0.00,0.00,0.72,1,1761,-37.6,0.20,-0.06,4.28,51.99,65,57,4916,-0.0095,-0.013,0.027,-0.073,10.18,3.02,272,-925,4195,0,0,2671,-0.0555,-0.016,-0.137,0.037,12.00,4.84,195,-953,2146,0,0,3298,-0.0363,0.003,-0.496,0.396,23.75,16.59,135,-1958,1880,0,0,1388,-0.0841,0.007,-0.424,0.324,27.51,20.34,128,-723,955,0,0
18.360,539.5,-221.25,-23.57,-316.63,28.7,-0.20,0.74,-0.08,0.00,0.00,0.57,1,2393,-42.0,0.20,-0.66,4.46,58.89,57,52,4842,-0.0109,-0.012,-0.001,-0.099,10.24,3.08,246,0,4149,0,0,2020,-0.0646,-0.076,0.009,-0.091,12.53,5.36,202,60,1849,0,0,3911,-0.0264,0.082,-0.260,0.160,26.31,19.14,183,-1643,2897,0,0,1629,-0.0802,0.033,-0.151,0.051,31.30,24.14,170,-432,1382,0,0
18.480,540.5,-222.18,-23.57,-316.63,27.1,-0.12,0.67,-0.47,0.00,0.00,0.91,1,2163,-40.4,0.20,-1.12,4.38,53.00,50,48,3970,-0.0177,-0.056,0.000,-0.100,-3.47,-3.70,234,1,-450,0,0,2489,-0.0688,-0.034,-0.002,-0.098,2.22,-4.94,193,-48,1600,0,0,3757,-0.0202,0.052,-0.279,0.179,28.14,20.98,165,-1497,2823,0,0,1897,-0.0761,0.034,-0.174,0.074,33.20,26.04,154,-436,1617,0,0
18.600,541.4,-223.07,-23.57,-316.59,25.8,-0.24,0.21,-0.78,0.00,0.00,0.31,1,1911,-38.6,0.20,-1.11,3.35,19.94,45,47,3443,-0.0313,-0.114,0.000,-0.100,-10.14,2.97,212,4,-2902,0,0,3541,-0.0560,0.107,-0.002,-0.098,-2.51,-4.65,201,-88,-579,0,0,2661,-0.0325,-0.102,-0.288,0.188,28.57,21.41,142,-1083,2022,0,0,2521,-0.0638,0.103,-0.241,0.141,30.63,23.47,139,-787,2045,0,0
18.720,542.2,-223.89,-23.57,-316.54,24.3,-0.39,-0.01,-1.00,0.00,0.00,0.01,1,1776,-37.6,0.20,-0.72,2.54,-21.88,40,43,3539,-0.0378,-0.054,0.000,-0.100,-9.86,2.70,198,-51,-3121,0,0,3997,-0.0406,0.128,-0.003,-0.097,-4.64,-2.52,214,-102,-2526,0,0,2297,-0.0469,-0.120,-0.034,-0.066,24.43,17.27,167,-499,1991,0,0,2554,-0.0562,0.063,-0.081,-0.019,22.48,15.32,173,-739,2146,0,0
18.840,543.0,-224.66,-23.57,-316.50,22.8,-0.41,-0.07,0.00,0.07,0.00,0.01,1,1843,-38.1,0.20,-0.26,2.47,-61.42,36,36,3767,-0.0375,0.002,-0.001,-0.099,-4.26,-2.90,186,-20,-2613,0,0,3798,-0.0367,0.032,-0.002,-0.098,-4.03,-3.13,226,-80,-2140,0,0,2177,-0.0563,-0.079,0.080,-0.020,12.65,5.49,163,-414,1955,0,0,2209,-0.0554,0.007,-0.082,-0.018,9.64,2.48,183,-1399,1469,0,0
18.960,543.7,-225.38,-23.57,-316.41,21.5,-0.17,0.60,0.00,0.14,0.00,0.51,1,2008,-36.9,0.21,-0.07,3.89,-51.51,31,24,4945,-0.0219,0.130,-0.018,-0.082,21.86,14.70,153,-142,4272,0,0,1995,-0.0571,-0.170,0.006,-0.094,17.64,10.48,197,11,1827,0,0,3862,-0.0352,0.175,-0.071,-0.029,-2.16,-5.01,168,-196,699,0,0,1441,-0.0704,-0.125,-0.233,0.133,-1.71,-5.45,170,-1403,19,0,0
19.080,544.4,-226.06,-23.57,-316.29,20.3,-0.24,0.37,0.21,0.30,0.00,0.81,1,2060,-9.1,0.23,0.03,3.98,-14.10,28,16,4177,-0.0220,-0.001,-0.011,-0.089,9.48,2.32,160,-100,3699,0,0,2885,-0.0585,-0.012,-0.004,-0.096,9.79,2.63,171,26,2589,0,0,3238,-0.0320,0.027,-0.137,0.037,-0.41,-6.75,178,-807,-600,0,0,2111,-0.0685,0.016,-0.164,0.064,-0.39,-6.78,179,-1841,-289,0,0
19.200,545.0,-226.69,-23.57,-316.14,18.9,-0.34,0.45,0.00,1.00,0.00,1.00,1,2263,149.3,0.31,0.06,3.93,13.92,24,13,4535,-0.0221,0.000,0.005,-0.095,-5.26,-1.91,163,-188,3583,0,0,2814,-0.0571,0.012,-0.004,-0.096,-5.63,-1.54,150,-106,2453,0,0,3202,-0.0346,-0.022,-0.202,0.102,1.10,-6.06,171,-2379,391,0,0,1719,-0.0696,-0.009,-0.183,0.083,1.18,-5.98,169,-826,245,0,0
19.320,545.6,-227.29,-23.57,-315.98,19.0,0.03,-0.03,0.00,1.00,0.00,1.00,1,2414,155.4,0.44,-0.16,3.02,1.20,23,12,2540,-0.0370,-0.124,-0.004,-0.096,-0.22,-6.94,158,-74,-630,0,0,3581,-0.0475,0.080,-0.002,-0.098,-0.23,-6.93,157,-65,-840,0,0,2840,-0.0425,-0.066,0.244,0.144,0.52,-6.64,139,2394,417,0,0,3354,-0.0539,0.130,0.243,0.143,0.53,-6.63,137,2920,481,0,0
19.440,546.3,-227.93,-23.57,-315.80,20.4,0.34,-0.03,0.19,1.00,0.00,1.00,1,2510,156.6,0.55,-0.68,2.63,0.98,27,14,2735,-0.0521,-0.126,-0.001,-0.099,1.44,-5.73,170,-78,624,0,0,2758,-0.0504,-0.024,-0.002,-0.098,1.90,-5.26,169,-63,781,0,0,3525,-0.0356,0.058,0.213,0.113,-0.22,-6.94,148,2566,-142,0,0,3458,-0.0364,0.146,0.219,0.119,-0.22,-6.94,148,2529,-138,0,0
19.560,547.0,-228.61,-23.56,-315.60,21.6,0.27,0.25,0.00,0.98,0.00,1.00,1,2705,159.1,0.67,-0.97,3.23,17.34,30,16,3642,-0.0474,0.039,-0.004,-0.096,12.20,5.04,182,-73,3120,0,0,2029,-0.0619,-0.096,0.003,-0.097,15.76,8.60,167,19,1849,0,0,4010,-0.0236,0.100,0.189,0.089,1.08,-6.08,162,2553,433,0,0,2584,-0.0405,-0.034,0.283,0.183,1.16,-6.00,163,2406,225,0,0
19.680,547.8,-229.32,-23.55,-315.37,23.0,0.32,0.02,0.00,1.00,0.00,1.00,1,2824,160.7,0.80,-1.17,3.02,5.89,34,18,2566,-0.0505,-0.025,-0.003,-0.097,-1.13,-6.04,193,-64,-970,0,0,3033,-0.0605,0.012,-0.003,-0.097,-1.16,-6.01,188,-79,-1144,0,0,3180,-0.0256,-0.017,0.197,0.097,1.31,-5.85,173,2135,776,0,0,3470,-0.0377,0.023,0.215,0.115,1.34,-5.82,170,2861,784,0,0
19.800,548.6,-230.08,-23.55,-315.13,24.4,0.33,-0.04,0.00,1.00,0.00,1.00,1,2957,163.6,0.99,-1.26,2.66,-0.96,38,19,2773,-0.0560,-0.046,-0.002,-0.098,0.22,-6.94,202,-83,65,0,0,2895,-0.0563,0.035,-0.002,-0.098,0.22,-6.94,202,-83,67,0,0,3402,-0.0307,-0.042,-0.109,0.009,-0.13,-7.03,209,2370,-21,0,0,3496,-0.0309,0.057,-0.112,0.012,-0.13,-7.03,209,2320,-24,0,0
19.920,549.4,-230.88,-23.54,-314.88,25.8,0.33,-0.03,0.00,1.00,0.00,1.00,1,3131,199.9,1.19,-1.26,2.67,-0.04,43,22,2865,-0.0566,-0.005,-0.002,-0.098,0.22,-6.94,213,-78,97,0,0,2778,-0.0570,-0.006,-0.002,-0.098,0.22,-6.94,213,-76,94,0,0,3372,-0.0311,-0.003,-0.087,-0.013,0.20,-6.96,224,2284,77,0,0,3298,-0.0315,-0.005,-0.087,-0.013,0.20,-6.96,224,2240,75,0,0
20.040,550.3,-231.72,-23.52,-314.61,27.2,0.33,0.01,0.20,1.00,0.00,1.00,1,3425,245.5,1.41,-1.24,2.79,1.52,48,24,2381,-0.0579,-0.010,-0.004,-0.096,2.81,-4.35,225,-130,820,0,0,2632,-0.0585,-0.013,-0.002,-0.098,3.50,-3.66,224,-72,1076,0,0,3517,-0.0307,0.003,-0.081,-0.019,0.19,-6.97,237,2346,127,0,0,3034,-0.0338,-0.019,-0.073,-0.027,0.19,-6.97,237,2144,109,0,0
20.160,551.2,-232.60,-23.52,-314.31,28.5,0.31,0.28,0.54,0.45,0.00,1.00,1,4019,272.5,1.73,-1.00,3.45,18.34,52,28,3471,-0.0519,0.050,-0.004,-0.096,14.43,7.27,234,-70,3100,0,0,1895,-0.0693,-0.090,0.003,-0.097,18.29,11.13,217,6,1749,0,0,4021,-0.0224,0.069,-0.026,-0.074,1.52,-5.64,264,3669,491,0,0,2500,-0.0437,-0.083,0.056,-0.044,1.61,-5.55,265,2384,231,0,0
20.280,552.2,-233.51,-23.51,-313.97,29.6,0.28,0.17,0.00,1.00,0.00,1.00,1,3447,147.5,0.88,-0.69,3.47,12.93,58,29,3036,-0.0484,0.029,0.001,-0.099,-1.44,-5.72,250,4,-1087,0,0,2923,-0.0670,0.019,-0.005,-0.095,-1.50,-5.66,239,-116,-1051,0,0,3290,-0.0210,0.012,0.007,-0.093,2.48,-4.68,289,-256,1378,0,0,3064,-0.0446,-0.008,0.042,-0.058,2.58,-4.58,284,1249,1314,0,0
20.400,553.2,-234.44,-23.51,-313.61,30.5,0.20,0.15,0.37,1.00,0.00,1.00,1,3995,288.7,1.60,-0.30,3.32,9.48,61,31,3573,-0.0469,0.012,-0.004,-0.096,8.53,1.37,252,-96,2782,0,0,2400,-0.0601,0.058,-0.001,-0.099,10.81,3.65,244,-26,2055,0,0,3334,-0.0324,-0.095,-0.045,-0.055,0.70,-6.46,274,2713,335,0,0,2277,-0.0456,-0.008,-0.007,-0.093,0.72,-6.44,275,2092,205,0,0
20.520,554.2,-235.40,-23.51,-313.19,32.0,0.35,0.20,0.00,1.00,0.00,1.00,1,3712,35.8,0.87,-0.49,3.54,15.16,67,34,2977,-0.0451,0.015,-0.002,-0.098,-1.78,-5.38,271,-50,-989,0,0,2636,-0.0655,-0.045,0.000,-0.100,-1.87,-5.29,259,-44,-853,0,0,3506,-0.0263,0.051,0.008,-0.092,2.52,-4.64,309,144,1334,0,0,3135,-0.0467,-0.009,0.046,-0.054,2.64,-4.52,304,1794,1172,0,0
20.640,555.3,-236.38,-23.51,-312.75,32.8,0.19,0.03,0.00,1.00,0.00,1.00,1,4205,286.1,1.60,-0.50,3.10,1.29,70,36,2994,-0.0496,-0.037,-0.001,-0.099,0.34,-6.82,272,-76,116,0,0,2944,-0.0577,0.066,-0.002,-0.098,0.34,-6.82,271,-86,114,0,0,3305,-0.0317,-0.045,-0.065,-0.035,0.72,-6.45,284,2152,453,0,0,3230,-0.0397,0.058,-0.062,-0.038,0.72,-6.44,284,2231,441,0,0
20.760,556.4,-237.41,-23.51,-312.28,34.7,0.45,0.01,0.00,0.41,0.00,1.00,1,4760,146.5,1.53,-0.69,2.99,0.60,78,40,2622,-0.0548,-0.043,-0.002,-0.098,0.27,-6.89,288,-93,133,0,0,3016,-0.0564,0.010,-0.002,-0.098,0.27,-6.89,287,-96,153,0,0,3660,-0.0287,0.025,0.216,0.116,0.46,-6.71,348,3455,150,0,0,3428,-0.0338,0.049,0.221,0.121,0.46,-6.70,349,3248,139,0,0
20.880,557.6,-238.50,-23.50,-311.77,36.6,0.46,0.10,0.29,0.98,0.00,1.00,1,4820,277.1,1.60,-1.04,3.28,6.41,87,44,3233,-0.0537,0.010,-0.004,-0.096,6.99,-0.17,303,-102,2250,0,0,2333,-0.0590,-0.022,-0.003,-0.097,8.75,1.58,297,-34,1835,0,0,4037,-0.0215,0.060,0.185,0.085,0.60,-6.56,302,3553,271,0,0,3038,-0.0338,0.001,0.212,0.112,0.61,-6.55,305,2815,191,0,0
21.000,558.9,-239.62,-23.49,-311.22,38.1,0.35,0.38,0.66,0.10,0.00,1.00,1,4562,-57.1,0.84,-1.43,4.00,24.77,94,49,3859,-0.0441,0.079,-0.001,-0.099,17.01,9.85,311,-14,3454,0,0,1810,-0.0693,-0.085,0.010,-0.090,21.32,14.16,289,35,1665,0,0,4253,-0.0125,0.075,0.117,0.017,2.37,-4.80,306,1927,1402,0,0,2863,-0.0416,-0.065,0.182,0.082,2.50,-4.66,305,2415,814,0,0
21.120,560.1,-240.72,-23.48,-310.61,37.7,-0.09,0.43,0.99,0.71,0.00,1.00,1,4332,114.8,0.86,-0.89,4.24,23.90,93,48,3228,-0.0444,-0.002,0.022,-0.078,29.53,22.37,283,83,2851,0,0,1623,-0.0835,-0.118,0.073,-0.027,36.53,29.37,258,136,1443,0,0,3389,-0.0181,-0.047,-0.133,0.033,2.75,-4.42,313,-1070,1398,0,0,2129,-0.0513,-0.081,-0.098,-0.002,2.91,-4.25,311,641,945,0,0
21.240,561.4,-241.77,-23.48,-309.96,37.6,0.01,0.46,0.00,0.48,0.00,1.00,1,4945,149.7,1.49,0.44,4.29,31.71,93,47,4050,-0.0363,0.068,0.061,-0.039,-3.43,-3.73,338,509,2035,0,0,2280,-0.0747,0.073,0.012,-0.088,-3.71,-3.45,305,-1311,1495,0,0,3610,-0.0253,-0.060,0.005,-0.095,3.76,-3.40,354,2774,1474,0,0,2041,-0.0612,-0.082,0.100,0.000,4.07,-3.09,354,1865,604,0,0
21.360,562.6,-242.84,-23.49,-309.26,38.8,0.28,0.07,0.00,1.00,0.00,1.00,1,4973,254.0,1.47,1.02,3.54,16.69,99,54,3007,-0.0452,-0.074,-0.002,-0.098,0.69,-6.47,327,-70,169,0,0,2912,-0.0621,0.105,-0.001,-0.099,0.72,-6.44,314,-74,162,0,0,2295,-0.0442,-0.158,0.085,-0.015,4.52,-2.64,387,1429,1299,0,0,2274,-0.0612,0.000,0.128,0.028,4.71,-2.46,386,1781,1125,0,0
21.480,564.0,-243.93,-23.52,-308.51,40.3,0.37,0.22,0.11,1.00,0.00,1.00,1,5133,223.0,1.40,0.69,3.55,7.68,106,59,3312,-0.0473,-0.018,-0.002,-0.098,1.31,-5.86,337,-76,681,0,0,2233,-0.0642,-0.017,-0.002,-0.098,1.33,-5.83,331,-81,476,0,0,3769,-0.0346,0.080,0.065,-0.035,3.08,-4.08,389,2394,1657,0,0,2924,-0.0514,0.081,0.085,-0.015,3.14,-4.02,390,2218,1216,0,0
21.600,565.4,-245.03,-23.55,-307.68,41.9,0.39,0.42,0.47,0.31,0.00,1.00,1,5431,84.9,1.44,0.36,4.12,16.87,114,61,3787,-0.0413,0.050,-0.009,-0.091,12.87,5.71,343,-121,3372,0,0,1740,-0.0725,-0.070,-0.007,-0.093,15.90,8.73,326,-19,1610,0,0,4394,-0.0166,0.150,0.051,-0.049,2.67,-4.49,398,3384,1411,0,0,2756,-0.0479,0.030,0.093,-0.007,2.77,-4.39,401,2477,757,0,0
21.720,566.8,-246.12,-23.57,-306.78,42.5,0.15,0.54,0.87,0.96,0.00,1.00,1,5257,206.2,1.35,0.30,4.62,25.30,119,62,4286,-0.0324,0.074,0.007,-0.093,24.43,17.27,331,14,3762,0,0,2216,-0.0745,-0.016,0.025,-0.075,30.19,23.03,303,62,1985,0,0,4125,-0.0110,0.047,-0.006,-0.094,3.18,-3.99,391,1979,1804,0,0,2077,-0.0543,-0.054,0.057,-0.043,3.36,-3.80,391,1703,799,0,0
21.840,568.2,-247.18,-23.59,-305.82,43.4,0.24,0.40,0.00,0.70,0.00,1.00,1,5581,172.6,1.48,0.15,4.56,27.15,123,65,3429,-0.0316,0.007,-0.005,-0.095,-0.66,-6.51,369,-2,-493,0,0,2627,-0.0694,0.042,0.005,-0.095,-0.70,-6.46,351,-257,-334,0,0,3612,-0.0148,-0.031,0.082,-0.018,4.91,-2.25,430,2284,1996,0,0,2780,-0.0564,-0.018,0.147,0.047,5.21,-1.95,430,2300,1239,0,0
21.960,569.7,-248.24,-23.61,-304.80,45.0,0.39,0.21,0.00,0.78,0.00,1.00,1,5953,215.9,1.67,-0.03,3.76,11.42,131,74,2143,-0.0461,-0.120,-0.002,-0.098,1.62,-5.54,376,-67,533,0,0,1610,-0.0745,-0.042,-0.003,-0.097,1.66,-5.50,366,-75,414,0,0,3416,-0.0238,-0.075,0.093,-0.007,3.88,-3.28,439,2717,1473,0,0,3456,-0.0404,0.133,0.119,0.019,3.97,-3.19,438,2911,1353,0,0
22.080,571.2,-249.31,-23.63,-303.71,46.8,0.44,0.35,0.37,0.12,0.00,1.00,1,5861,-12.1,1.22,0.47,3.89,12.99,142,78,3518,-0.0483,-0.018,-0.003,-0.097,11.09,3.93,382,-59,3052,0,0,1604,-0.0792,-0.039,0.001,-0.099,13.46,6.30,371,3,1470,0,0,4060,-0.0198,0.033,0.077,-0.023,2.86,-4.30,447,3181,1422,0,0,2899,-0.0382,0.019,0.106,0.006,2.94,-4.22,449,2526,920,0,0
22.200,572.8,-250.35,-23.66,-302.55,46.8,0.02,0.53,0.69,0.64,0.00,1.00,1,5461,92.4,0.92,1.08,4.24,23.49,145,77,4403,-0.0356,0.106,-0.008,-0.092,19.76,12.60,369,-58,3885,0,0,2295,-0.0747,0.038,0.004,-0.096,24.32,17.16,345,48,2072,0,0,3265,-0.0243,-0.037,0.020,-0.080,3.45,-3.71,409,16,1635,0,0,1391,-0.0634,-0.210,0.066,-0.034,3.62,-3.54,407,676,705,0,0
22.320,574.3,-251.33,-23.70,-301.34,46.8,0.05,0.52,0.00,0.75,0.00,1.00,1,6025,242.7,1.65,1.14,4.48,28.93,144,77,4091,-0.0250,0.088,0.002,-0.098,-0.65,-6.51,401,-340,-53,0,0,2469,-0.0699,0.040,-0.012,-0.088,-0.69,-6.47,371,243,123,0,0,3667,-0.0244,-0.001,0.016,-0.084,4.82,-2.34,437,2257,2014,0,0,2255,-0.0693,-0.049,0.083,-0.017,5.11,-2.05,437,1878,1009,0,0
22.440,575.9,-252.30,-23.74,-300.08,48.4,0.37,0.25,0.09,0.61,0.00,1.00,1,6407,281.7,1.77,0.71,3.93,14.34,153,86,3245,-0.0379,-0.107,-0.002,-0.098,1.67,-5.49,406,-74,816,0,0,2402,-0.0653,0.038,-0.003,-0.097,1.72,-5.44,394,-87,628,0,0,3864,-0.0229,0.013,0.204,0.104,4.36,-2.81,430,3053,1729,0,0,3062,-0.0504,0.158,0.242,0.142,4.48,-2.68,431,2603,1226,0,0
22.560,577.5,-253.24,-23.77,-298.73,49.9,0.39,0.48,0.44,0.47,0.00,1.00,1,6076,67.1,1.19,0.37,4.26,18.28,163,91,3854,-0.0387,-0.007,-0.001,-0.099,13.29,6.13,409,-21,3416,0,0,1808,-0.0722,-0.057,0.006,-0.094,16.15,8.99,392,26,1670,0,0,4444,-0.0124,0.087,0.061,-0.039,3.76,-3.40,475,2428,2208,0,0,2521,-0.0476,0.023,0.099,-0.001,3.89,-3.27,477,1925,1151,0,0
22.680,579.2,-254.14,-23.80,-297.32,50.3,0.13,0.61,0.00,1.00,0.00,1.00,1,6255,241.4,1.52,0.29,4.83,24.73,167,91,4451,-0.0292,0.079,-0.036,-0.064,-0.30,-6.87,414,-854,3786,0,0,2042,-0.0748,-0.021,-0.074,-0.026,-0.31,-6.85,378,-479,1820,0,0,4233,-0.0083,0.035,0.129,0.029,4.05,-3.11,424,2198,2206,0,0,1955,-0.0578,-0.085,0.186,0.086,4.24,-2.92,427,1534,913,0,0
22.800,580.9,-254.99,-23.82,-295.85,51.7,0.34,0.31,0.00,0.96,0.00,1.00,1,6721,274.1,1.84,0.13,4.35,15.05,174,98,2877,-0.0384,-0.077,-0.002,-0.098,1.74,-5.42,432,-42,741,0,0,2101,-0.0738,0.008,-0.003,-0.097,1.79,-5.37,421,-78,561,0,0,4091,-0.0167,-0.070,0.125,0.025,4.35,-2.81,525,2809,2078,0,0,3081,-0.0491,0.073,0.192,0.092,4.47,-2.69,521,2458,1409,0,0
22.920,582.7,-255.83,-23.85,-294.30,53.2,0.39,0.38,0.26,0.62,0.00,1.00,1,6510,110.7,1.27,0.23,4.23,13.39,185,104,3632,-0.0434,-0.042,-0.005,-0.095,7.73,0.57,439,-107,2929,0,0,1861,-0.0745,-0.006,-0.004,-0.096,9.19,2.03,428,-28,1622,0,0,4135,-0.0160,0.006,0.072,-0.028,3.52,-3.64,506,2560,1924,0,0,2124,-0.0454,0.031,0.098,-0.002,3.61,-3.55,509,1644,939,0,0
23.040,584.5,-256.62,-23.88,-292.69,54.2,0.27,0.54,0.00,0.85,0.00,1.00,1,6828,158.4,1.43,0.28,4.62,24.29,193,107,4067,-0.0361,0.061,0.000,-0.100,19.71,12.55,431,-4,3615,0,0,1874,-0.0771,-0.022,0.018,-0.082,24.03,16.87,408,67,1708,0,0,4082,-0.0151,0.008,0.020,-0.080,4.29,-2.87,499,2748,2021,0,0,2168,-0.0561,-0.089,0.073,-0.027,4.47,-2.69,499,1821,926,0,0
23.160,586.3,-257.37,-23.90,-291.02,55.5,0.33,0.41,0.18,0.99,0.00,0.93,1,7145,233.3,1.74,0.12,4.52,20.84,201,116,3627,-0.0368,-0.005,-0.002,-0.098,4.45,-2.72,465,-93,2109,0,0,2196,-0.0737,0.029,-0.004,-0.096,5.12,-2.04,448,-71,1431,0,0,3973,-0.0155,-0.004,0.019,-0.081,5.05,-2.12,504,2417,2292,0,0,2740,-0.0524,0.030,0.059,-0.041,5.23,-1.93,504,2086,1419,0,0
23.280,588.2,-258.06,-23.93,-289.28,56.6,0.32,0.58,0.53,0.16,0.00,0.45,1,6786,-73.3,0.79,-0.08,4.78,26.57,211,122,4140,-0.0338,0.025,-0.005,-0.095,16.26,9.10,457,-56,3688,0,0,1723,-0.0771,-0.028,0.002,-0.098,19.63,12.46,432,26,1586,0,0,4351,-0.0102,0.045,0.022,-0.078,5.57,-1.59,501,1592,2900,0,0,2291,-0.0534,-0.008,0.070,-0.030,5.82,-1.34,501,1484,1413,0,0
23.400,590.1,-258.67,-23.95,-287.50,56.2,-0.05,0.69,0.92,0.81,0.00,0.10,2,6905,111.7,1.00,-0.03,5.22,26.61,210,122,4878,-0.0231,0.089,0.018,-0.082,30.75,23.59,414,131,4176,0,0,2252,-0.0750,0.017,0.068,-0.032,37.30,30.13,385,182,1978,0,0,4029,-0.0101,0.001,-0.013,-0.087,5.83,-1.33,470,-304,2883,0,0,1641,-0.0647,-0.094,0.028,-0.072,6.09,-1.07,468,434,1222,0,0
23.520,591.9,-259.20,-23.96,-285.70,56.7,0.17,0.43,0.00,0.00,0.00,1.00,2,5303,-63.0,0.74,-0.18,4.83,36.53,211,129,3240,-0.0287,-0.047,0.001,-0.099,2.98,-4.18,482,-53,1405,0,0,2416,-0.0708,0.036,-0.010,-0.090,3.17,-3.99,449,-169,1134,0,0,3579,-0.0173,-0.060,0.358,0.258,8.62,1.46,667,2848,1043,0,0,2869,-0.0608,0.032,0.449,0.349,9.15,1.99,668,2246,735,0,0
23.640,593.8,-259.69,-23.97,-283.85,57.4,0.26,0.52,0.00,0.00,0.00,1.00,2,3620,-50.8,0.25,-0.41,4.74,30.40,219,144,4099,-0.0342,-0.045,-0.001,-0.099,4.96,-2.20,483,-29,2632,0,0,1858,-0.0730,-0.019,-0.001,-0.099,5.22,-1.94,459,-26,1275,0,0,3953,-0.0158,0.012,-0.031,-0.069,9.63,2.47,467,-452,3382,0,0,2002,-0.0547,0.051,0.008,-0.092,10.12,2.96,461,284,1777,0,0
23.760,595.7,-260.07,-23.98,-282.00,56.4,-0.13,0.69,0.00,0.00,0.00,1.00,2,3442,-49.4,0.20,-0.31,5.19,23.81,213,141,4783,-0.0224,0.098,-0.001,-0.099,5.73,-1.43,472,-43,3356,0,0,2138,-0.0736,-0.005,-0.001,-0.099,5.96,-1.20,453,-13,1598,0,0,3893,-0.0165,-0.006,-0.053,-0.047,9.44,2.28,447,-1124,3210,0,0,1537,-0.0678,-0.109,-0.032,-0.068,9.82,2.66,439,-270,1361,0,0
23.880,597.6,-260.35,-23.99,-280.16,55.7,-0.06,0.71,0.00,1.00,0.00,1.00,2,3920,150.9,0.52,-0.33,5.35,20.37,207,135,4648,-0.0167,0.048,-0.002,-0.098,5.62,-1.54,465,-83,3260,0,0,2076,-0.0726,0.009,-0.003,-0.097,5.82,-1.34,449,-44,1545,0,0,3990,-0.0170,-0.004,0.081,-0.019,8.86,1.70,505,1544,3137,0,0,1813,-0.0729,-0.042,0.123,0.023,9.17,2.01,507,998,1359,0,0
24.000,599.5,-260.54,-23.99,-278.29,56.4,0.26,0.63,0.00,0.86,0.00,1.00,2,3987,162.2,1.34,-0.71,5.20,18.58,210,136,3953,-0.0235,-0.057,-0.002,-0.098,5.32,-1.84,471,-77,2716,0,0,1843,-0.0757,-0.026,-0.003,-0.097,5.49,-1.67,456,-54,1333,0,0,4254,-0.0123,0.039,0.085,-0.015,8.28,1.11,512,2169,3074,0,0,2412,-0.0646,0.069,0.124,0.024,8.54,1.38,514,1544,1626,0,0
24.120,601.4,-260.64,-23.99,-276.40,57.2,0.27,0.62,0.00,1.00,0.00,1.00,2,4022,229.9,1.38,-1.08,5.13,14.67,216,137,3603,-0.0291,-0.047,-0.001,-0.099,4.88,-2.28,477,-50,2366,0,0,375,-0.0783,-0.021,0.030,-0.070,5.19,-1.97,465,10,264,0,0,4371,-0.0079,0.037,0.086,-0.014,7.19,0.03,485,1594,3281,0,0,2359,-0.0583,0.052,0.116,0.016,7.37,0.21,487,1220,1729,0,0
24.240,603.3,-260.65,-23.98,-274.47,58.3,0.31,0.53,0.00,0.74,0.00,1.00,2,4067,136.9,1.26,-1.14,4.98,11.89,223,138,3645,-0.0353,-0.051,-0.002,-0.098,4.36,-2.80,485,-72,2228,0,0,1821,-0.0794,-0.009,-0.003,-0.097,4.44,-2.72,475,-61,1161,0,0,4370,-0.0076,0.002,0.052,-0.048,6.18,-0.98,524,2161,2943,0,0,2731,-0.0536,0.039,0.073,-0.027,6.30,-0.86,526,1687,1771,0,0
24.360,605.3,-260.59,-23.97,-272.51,59.6,0.33,0.31,-0.33,0.00,0.00,1.00,2,4569,174.7,1.63,-1.10,4.51,3.22,232,141,2806,-0.0406,-0.044,-0.001,-0.099,-6.18,-0.98,492,-22,-1790,0,0,2662,-0.0739,0.046,-0.003,-0.097,-4.14,-3.02,490,-88,-1185,0,0,3322,-0.0162,-0.072,0.185,0.085,5.41,-1.75,596,2832,1258,0,0,3183,-0.0495,0.034,0.193,0.093,5.44,-1.72,596,2729,1170,0,0
24.480,607.3,-260.50,-23.96,-270.51,60.3,0.18,0.19,0.00,1.00,0.00,1.00,2,4087,206.2,1.18,-0.94,3.97,-11.89,238,137,3714,-0.0454,-0.040,-0.002,-0.098,3.51,-3.65,493,-96,2063,0,0,2465,-0.0625,0.095,-0.002,-0.098,3.45,-3.71,503,-54,1376,0,0,3770,-0.0246,-0.070,0.062,-0.038,1.68,-5.49,526,2430,1056,0,0,2653,-0.0418,0.065,0.048,-0.052,1.64,-5.52,529,1403,773,0,0
24.600,609.3,-260.36,-23.95,-268.47,62.0,0.40,0.20,0.00,0.78,0.00,1.00,2,4547,315.7,1.87,-0.97,4.06,-4.78,250,133,3033,-0.0451,0.003,-0.002,-0.098,1.41,-5.75,511,-103,746,0,0,2451,-0.0653,-0.023,-0.002,-0.098,1.40,-5.76,515,-83,603,0,0,3809,-0.0209,0.031,0.142,0.042,0.72,-6.45,585,3546,289,0,0,3244,-0.0410,0.006,0.137,0.037,0.71,-6.45,586,3035,254,0,0
24.720,611.4,-260.21,-23.93,-266.37,64.0,0.48,0.05,0.00,0.95,0.00,1.00,2,4607,300.3,1.88,-1.19,3.75,-1.88,266,138,2760,-0.0521,-0.058,-0.002,-0.098,0.67,-6.49,529,-95,325,0,0,2707,-0.0621,0.026,-0.002,-0.098,0.67,-6.49,531,-91,318,0,0,3747,-0.0208,0.001,0.118,0.018,0.43,-6.73,592,3450,183,0,0,3569,-0.0324,0.072,0.116,0.016,0.43,-6.74,593,3286,176,0,0
24.840,613.6,-260.05,-23.92,-264.20,66.1,0.50,0.00,0.00,0.85,0.00,1.00,2,4856,291.3,1.74,-1.19,3.59,-0.79,283,147,2517,-0.0604,-0.069,-0.002,-0.098,0.43,-6.74,546,-89,183,0,0,2446,-0.0650,-0.024,-0.002,-0.098,0.43,-6.74,547,-87,178,0,0,3846,-0.0204,0.003,0.142,0.042,0.30,-6.86,623,3571,125,0,0,3726,-0.0261,0.053,0.141,0.041,0.30,-6.86,624,3463,121,0,0
24.960,615.8,-259.89,-23.91,-261.96,68.1,0.45,-0.02,0.00,1.00,0.00,1.00,2,4761,258.4,1.66,-1.01,3.54,-0.26,301,155,2730,-0.0603,0.000,-0.002,-0.098,0.35,-6.81,563,-88,159,0,0,2604,-0.0637,0.011,-0.002,-0.098,0.35,-6.81,563,-86,152,0,0,3438,-0.0258,-0.045,0.087,-0.013,0.31,-6.85,612,3025,133,0,0,3344,-0.0292,-0.026,0.087,-0.013,0.31,-6.85,612,2945,130,0,0
25.080,618.1,-259.73,-23.90,-259.66,70.0,0.45,-0.01,0.00,0.97,0.00,1.00,2,5040,304.0,1.88,-0.97,3.53,0.02,318,164,2779,-0.0589,0.011,-0.002,-0.098,0.35,-6.82,579,-93,158,0,0,2644,-0.0621,0.013,-0.002,-0.098,0.35,-6.82,579,-90,151,0,0,3623,-0.0260,-0.002,0.119,0.019,0.35,-6.81,649,3331,141,0,0,3507,-0.0292,0.000,0.119,0.019,0.35,-6.81,649,3233,136,0,0
25.200,620.5,-259.56,-23.89,-257.30,72.0,0.49,-0.01,0.00,1.00,0.00,1.00,2,5091,284.3,1.76,-1.03,3.56,0.35,337,175,2975,-0.0581,0.007,-0.002,-0.098,0.36,-6.80,596,-96,175,0,0,2795,-0.0605,0.014,-0.002,-0.098,0.36,-6.80,596,-94,165,0,0,3757,-0.0236,0.020,0.097,-0.003,0.41,-6.75,654,3350,186,0,0,3544,-0.0277,0.013,0.098,-0.002,0.41,-6.75,655,3180,175,0,0
25.320,623.0,-259.39,-23.88,-254.86,74.1,0.48,0.00,0.00,0.90,0.00,1.00,2,5545,322.2,1.98,-1.13,3.62,0.35,356,185,2497,-0.0597,-0.014,-0.002,-0.098,0.42,-6.74,613,-89,171,0,0,2254,-0.0631,-0.022,-0.002,-0.098,0.42,-6.74,612,-84,155,0,0,3937,-0.0216,0.016,0.150,0.050,0.46,-6.70,714,3664,186,0,0,3738,-0.0255,0.018,0.151,0.051,0.46,-6.70,715,3491,173,0,0
25.440,625.5,-259.21,-23.87,-252.36,76.1,0.47,0.00,0.00,0.50,0.00,1.00,2,5725,292.7,1.96,-0.96,3.66,0.52,376,195,2759,-0.0599,-0.002,-0.002,-0.098,0.45,-6.71,629,-92,205,0,0,2532,-0.0644,-0.012,-0.002,-0.098,0.45,-6.71,629,-87,189,0,0,3441,-0.0232,-0.013,0.169,0.069,0.51,-6.66,737,3258,154,0,0,3245,-0.0277,-0.019,0.171,0.071,0.51,-6.66,737,3083,145,0,0
25.560,628.0,-259.02,-23.87,-249.79,78.0,0.45,0.01,0.00,0.94,0.00,1.00,2,5662,331.7,1.95,-0.89,3.68,0.50,395,206,2838,-0.0582,0.014,-0.002,-0.098,0.48,-6.69,645,-93,222,0,0,2604,-0.0631,0.011,-0.002,-0.098,0.48,-6.68,645,-89,205,0,0,3640,-0.0247,-0.012,0.128,0.028,0.53,-6.63,730,3352,215,0,0,3443,-0.0296,-0.015,0.129,0.029,0.53,-6.63,730,3185,203,0,0
25.680,630.7,-258.84,-23.86,-247.16,80.0,0.48,0.01,0.00,0.91,0.00,1.00,2,5801,317.2,2.00,-0.95,3.71,0.71,416,217,2987,-0.0567,0.012,-0.002,-0.098,0.49,-6.68,663,-91,238,0,0,2744,-0.0608,0.019,-0.002,-0.098,0.49,-6.68,662,-93,219,0,0,3797,-0.0225,0.018,0.125,0.025,0.57,-6.59,746,3496,237,0,0,3534,-0.0282,0.011,0.127,0.027,0.57,-6.59,747,3274,219,0,0
25.800,633.4,-258.64,-23.86,-244.46,82.1,0.50,0.01,0.00,0.96,0.00,1.00,2,5939,344.3,2.08,-1.06,3.76,0.65,438,229,2647,-0.0582,-0.012,-0.002,-0.098,0.53,-6.63,679,-91,232,0,0,2370,-0.0634,-0.021,-0.002,-0.098,0.53,-6.63,679,-87,209,0,0,3981,-0.0193,0.026,0.123,0.023,0.60,-6.56,765,3634,268,0,0,3739,-0.0247,0.029,0.125,0.025,0.61,-6.56,765,3434,250,0,0
25.920,636.2,-258.43,-23.85,-241.69,84.2,0.48,0.01,0.00,1.00,0.00,1.00,2,5979,279.1,1.88,-0.96,3.77,0.78,460,241,2770,-0.0588,-0.005,-0.002,-0.098,0.56,-6.60,696,-90,254,0,0,2515,-0.0643,-0.008,-0.002,-0.098,0.56,-6.60,695,-87,232,0,0,3637,-0.0211,-0.015,0.104,0.004,0.64,-6.52,769,3260,278,0,0,3428,-0.0266,-0.016,0.105,0.005,0.64,-6.52,769,3093,261,0,0
26.040,639.0,-258.22,-23.85,-238.86,86.1,0.46,0.02,0.00,0.92,0.00,1.00,2,6220,318.2,2.03,-0.93,3.78,0.76,482,252,2837,-0.0577,0.009,-0.002,-0.098,0.57,-6.59,713,-93,265,0,0,2568,-0.0635,0.006,-0.002,-0.098,0.57,-6.59,712,-89,241,0,0,3737,-0.0219,-0.007,0.122,0.022,0.65,-6.51,801,3421,271,0,0,3511,-0.0277,-0.009,0.123,0.023,0.65,-6.51,801,3233,254,0,0
26.160,641.9,-258.00,-23.84,-235.95,88.2,0.48,0.02,0.00,0.91,0.00,1.00,2,6501,325.9,2.09,-1.03,3.83,0.86,505,264,2925,-0.0558,0.016,-0.002,-0.098,0.58,-6.58,730,-96,278,0,0,2636,-0.0613,0.019,-0.002,-0.098,0.58,-6.58,729,-91,252,0,0,3840,-0.0202,0.014,0.135,0.035,0.68,-6.49,839,3529,284,0,0,3752,-0.0266,0.010,0.136,0.036,0.68,-6.49,839,3458,278,0,0
26.280,644.9,-257.77,-23.83,-232.98,90.1,0.47,0.03,0.00,1.00,0.00,1.00,2,6469,324.1,2.04,-1.03,3.87,0.58,529,277,2826,-0.0570,-0.010,-0.002,-0.098,0.60,-6.56,746,-91,278,0,0,2524,-0.0636,-0.019,-0.002,-0.098,0.60,-6.56,745,-86,249,0,0,3695,-0.0182,0.016,0.115,0.015,0.65,-6.51,833,3332,283,0,0,3432,-0.0248,0.015,0.116,0.016,0.65,-6.51,834,3115,262,0,0
26.400,647.9,-257.53,-23.83,-229.95,92.1,0.47,0.02,0.00,0.96,0.00,1.00,2,6658,324.5,2.10,-0.99,3.86,0.67,552,289,2818,-0.0572,-0.001,-0.002,-0.098,0.59,-6.57,762,-92,276,0,0,2557,-0.0634,0.001,-0.002,-0.098,0.59,-6.57,762,-89,251,0,0,3766,-0.0204,-0.018,0.122,0.022,0.66,-6.50,857,3445,278,0,0,3533,-0.0266,-0.015,0.124,0.024,0.66,-6.50,858,3250,260,0,0
26.520,651.0,-257.27,-23.82,-226.85,94.2,0.48,0.03,0.00,0.99,0.00,1.00,2,6793,329.4,2.14,-1.05,3.88,0.78,577,302,2970,-0.0558,0.011,-0.002,-0.098,0.59,-6.57,779,-96,288,0,0,2680,-0.0615,0.016,-0.002,-0.098,0.59,-6.57,779,-91,261,0,0,3873,-0.0195,0.007,0.120,0.020,0.67,-6.49,875,3526,294,0,0,3576,-0.0264,0.002,0.122,0.022,0.67,-6.49,875,3278,271,0,0
26.640,654.2,-257.01,-23.81,-223.68,96.2,0.49,0.03,0.00,1.00,0.00,1.00,2,6880,333.0,2.17,-1.12,3.92,0.65,602,316,2799,-0.0567,-0.007,-0.002,-0.098,0.61,-6.55,796,-92,280,0,0,2487,-0.0632,-0.014,-0.002,-0.098,0.61,-6.55,795,-87,250,0,0,3963,-0.0170,0.021,0.110,0.010,0.67,-6.49,886,3544,314,0,0,3698,-0.0237,0.023,0.112,0.012,0.67,-6.49,886,3330,292,0,0
26.760,657.5,-256.74,-23.80,-220.45,98.2,0.47,0.03,0.00,1.00,0.00,0.61,2,6987,320.5,2.12,-1.09,3.92,0.61,628,329,2829,-0.0571,-0.003,-0.002,-0.098,0.61,-6.55,813,-90,284,0,0,2540,-0.0636,-0.003,-0.002,-0.098,0.61,-6.55,812,-86,256,0,0,3806,-0.0184,-0.012,0.105,0.005,0.66,-6.50,900,3369,309,0,0,3566,-0.0249,-0.010,0.106,0.006,0.66,-6.50,900,3178,289,0,0
26.880,660.8,-256.46,-23.79,-217.15,99.5,0.30,-0.03,-0.25,1.00,0.00,0.13,2,7420,-180.6,2.18,-1.01,3.84,-3.57,648,339,3021,-0.0543,0.023,0.002,-0.098,-6.82,-0.34,819,48,-2154,0,0,3241,-0.0589,0.039,0.000,-0.100,-5.42,-1.74,822,-14,-1992,0,0,3284,-0.0214,-0.024,0.016,-0.084,0.57,-6.59,836,874,310,0,0,3556,-0.0270,-0.017,0.013,-0.087,0.57,-6.59,836,815,334,0,0
27.000,664.1,-256.22,-23.78,-213.85,100.0,0.13,-0.33,0.00,0.52,0.00,1.00,3,6942,333.7,2.19,-0.65,3.14,-18.73,656,332,2766,-0.0585,-0.035,-0.002,-0.098,0.36,-6.81,820,-104,226,0,0,3456,-0.0424,0.137,-0.002,-0.098,0.35,-6.81,835,-98,275,0,0,3196,-0.0369,-0.130,0.176,0.076,-1.37,-5.79,969,3017,-362,0,0,3770,-0.0209,0.051,0.154,0.054,-1.34,-5.82,967,3497,-463,0,0
27.120,667.5,-255.99,-23.77,-210.48,101.9,0.45,-0.20,0.00,1.00,0.00,1.00,3,4736,61.5,0.85,-0.68,3.28,-14.21,680,370,2402,-0.0605,-0.016,-0.002,-0.098,-1.30,-5.86,837,-74,-489,0,0,3096,-0.0495,-0.059,-0.001,-0.099,-1.28,-5.88,849,-62,-615,0,0,3411,-0.0310,0.049,0.053,-0.047,-2.58,-4.58,890,2133,-1234,0,0,3948,-0.0200,0.007,0.039,-0.061,-2.54,-4.62,890,2016,-1454,0,0
27.240,670.9,-255.81,-23.76,-207.07,102.9,0.26,-0.40,0.00,1.00,0.00,1.00,3,4793,300.8,1.71,-0.64,2.96,-7.47,694,384,2432,-0.0642,-0.031,-0.002,-0.098,-1.78,-5.38,848,-68,-695,0,0,3676,-0.0433,0.052,-0.001,-0.099,-1.77,-5.40,854,-76,-1024,0,0,2965,-0.0359,-0.040,0.057,-0.043,-2.45,-4.72,898,1864,-1043,0,0,4164,-0.0157,0.036,0.049,-0.051,-2.43,-4.73,897,2291,-1463,0,0
27.360,674.3,-255.70,-23.75,-203.61,104.2,0.32,-0.39,0.00,1.00,0.00,1.00,3,4925,366.8,2.06,-0.61,2.88,-3.89,711,389,2383,-0.0659,-0.014,-0.002,-0.098,-1.67,-5.49,860,-75,-649,0,0,3367,-0.0430,0.003,-0.002,-0.098,-1.66,-5.50,863,-83,-900,0,0,3195,-0.0366,-0.006,0.071,-0.029,-2.01,-5.15,923,2349,-897,0,0,4034,-0.0136,0.018,0.066,-0.034,-2.00,-5.16,922,2806,-1135,0,0
27.480,677.8,-255.63,-23.75,-200.11,105.7,0.36,-0.32,0.09,1.00,0.00,1.00,3,5013,384.7,2.16,-0.63,3.02,-1.95,731,393,2485,-0.0657,0.002,-0.002,-0.098,-1.32,-5.84,873,-78,-544,0,0,3150,-0.0463,-0.028,-0.002,-0.098,-1.32,-5.84,875,-84,-681,0,0,3336,-0.0348,0.015,0.073,-0.027,-1.49,-5.67,939,2558,-699,0,0,3914,-0.0154,-0.015,0.070,-0.030,-1.49,-5.68,938,2914,-820,0,0
27.600,681.4,-255.59,-23.75,-196.56,107.3,0.37,-0.09,0.00,1.00,0.00,1.00,3,5054,389.1,2.19,-0.75,3.59,7.48,752,395,2974,-0.0577,0.066,-0.002,-0.098,-0.91,-6.26,891,-82,-478,0,0,2850,-0.0529,-0.056,-0.002,-0.098,-0.91,-6.25,884,-88,-462,0,0,3746,-0.0258,0.075,0.061,-0.039,-0.27,-6.90,947,2697,-182,0,0,3785,-0.0210,-0.047,0.068,-0.032,-0.27,-6.89,946,2875,-181,0,0
27.720,685.0,-255.57,-23.75,-192.95,108.8,0.37,-0.08,0.00,1.00,0.00,1.00,3,5137,388.7,2.20,-0.82,3.75,4.68,774,397,2903,-0.0569,0.007,-0.002,-0.098,0.11,-7.05,902,-79,38,0,0,2733,-0.0557,-0.023,-0.002,-0.098,0.11,-7.05,899,-82,36,0,0,3735,-0.0227,0.026,0.064,-0.036,0.51,-6.66,962,2743,261,0,0,3588,-0.0216,-0.004,0.069,-0.031,0.51,-6.65,962,2733,249,0,0
27.840,688.7,-255.54,-23.74,-189.29,110.4,0.37,0.02,0.00,1.00,0.00,1.00,3,5216,387.2,2.20,-0.85,3.96,2.75,797,416,3033,-0.0546,0.019,-0.002,-0.098,0.55,-6.61,915,-83,269,0,0,2760,-0.0584,-0.022,-0.002,-0.098,0.56,-6.61,912,-84,247,0,0,3854,-0.0208,0.016,0.066,-0.034,0.78,-6.38,977,2852,427,0,0,3456,-0.0253,-0.031,0.069,-0.031,0.78,-6.38,977,2636,382,0,0
27.960,692.4,-255.51,-23.74,-185.58,112.0,0.37,0.06,0.00,1.00,0.00,1.00,3,5271,386.0,2.20,-0.91,4.13,1.39,820,431,3104,-0.0517,0.024,-0.002,-0.098,0.73,-6.44,927,-83,366,0,0,2598,-0.0599,-0.013,-0.003,-0.097,0.73,-6.44,925,-99,310,0,0,3990,-0.0180,0.023,0.063,-0.037,0.84,-6.32,987,2861,485,0,0,3574,-0.0263,-0.008,0.064,-0.036,0.84,-6.32,987,2623,434,0,0
28.080,696.1,-255.48,-23.73,-181.82,113.5,0.35,-0.10,-0.32,1.00,0.00,1.00,3,5358,383.9,2.20,-0.89,3.86,-8.99,842,442,2413,-0.0552,-0.029,0.004,-0.096,-9.76,2.60,927,57,-2091,0,0,3235,-0.0572,0.022,-0.001,-0.099,-7.78,0.62,934,-23,-2578,0,0,3277,-0.0213,-0.027,0.071,-0.029,0.50,-6.66,1004,2552,254,0,0,3978,-0.0233,0.024,0.063,-0.037,0.50,-6.66,1003,2883,312,0,0
28.200,699.9,-255.48,-23.73,-178.01,114.9,0.33,-0.27,0.00,1.00,0.00,1.00,3,5430,382.2,2.20,-0.74,3.31,-17.39,863,449,2705,-0.0618,-0.055,-0.002,-0.098,-0.19,-6.97,943,-87,-40,0,0,3294,-0.0474,0.082,-0.001,-0.099,-0.19,-6.97,957,-77,-49,0,0,3477,-0.0294,-0.068,0.076,-0.024,-1.59,-5.58,1017,2700,-724,0,0,3943,-0.0157,0.063,0.060,-0.040,-1.56,-5.60,1017,2696,-849,0,0
28.320,703.8,-255.52,-23.73,-174.15,116.4,0.36,-0.29,0.00,1.00,0.00,1.00,3,5512,380.2,2.20,-0.68,3.27,-10.35,886,482,2424,-0.0629,-0.009,-0.002,-0.098,-1.38,-5.79,958,-78,-532,0,0,3288,-0.0479,-0.004,-0.002,-0.098,-1.36,-5.80,967,-78,-706,0,0,3394,-0.0289,0.004,0.076,-0.024,-2.19,-4.97,1033,2547,-997,0,0,4118,-0.0139,0.016,0.066,-0.034,-2.17,-4.99,1032,2837,-1230,0,0
28.440,707.7,-255.61,-23.73,-170.25,117.8,0.36,-0.37,0.00,1.00,0.00,1.00,3,5589,378.4,2.20,-0.62,3.10,-6.03,908,499,2322,-0.0659,-0.026,-0.002,-0.098,-1.67,-5.49,972,-75,-630,0,0,3359,-0.0464,0.012,-0.002,-0.098,-1.67,-5.50,977,-83,-892,0,0,3239,-0.0319,-0.025,0.075,-0.025,-2.14,-5.02,1047,2440,-942,0,0,4121,-0.0124,0.012,0.069,-0.031,-2.13,-5.03,1046,2923,-1205,0,0
28.560,711.7,-255.75,-23.73,-166.29,119.3,0.36,-0.36,0.00,1.00,0.00,1.00,3,5625,377.5,2.20,-0.62,3.08,-3.19,931,507,2484,-0.0657,0.002,-0.002,-0.098,-1.55,-5.61,985,-78,-629,0,0,3363,-0.0449,0.013,-0.002,-0.098,-1.55,-5.62,988,-84,-838,0,0,3448,-0.0321,-0.001,0.068,-0.032,-1.79,-5.37,1054,2500,-874,0,0,4195,-0.0112,0.009,0.064,-0.036,-1.79,-5.37,1053,2910,-1063,0,0
28.680,715.7,-255.95,-23.73,-162.29,120.8,0.36,-0.31,0.00,1.00,0.00,1.00,3,5687,376.0,2.20,-0.62,3.19,-1.08,954,511,2546,-0.0649,0.007,-0.002,-0.098,-1.21,-5.95,998,-77,-511,0,0,3192,-0.0469,-0.017,-0.002,-0.098,-1.21,-5.95,999,-83,-633,0,0,3458,-0.0303,0.015,0.065,-0.035,-1.29,-5.87,1065,2512,-649,0,0,3997,-0.0123,-0.009,0.063,-0.037,-1.29,-5.87,1065,2835,-748,0,0
28.800,719.7,-256.19,-23.74,-158.25,122.2,0.35,-0.24,0.00,1.00,0.00,1.00,3,5744,374.6,2.20,-0.62,3.38,-0.01,978,515,2780,-0.0622,0.023,-0.002,-0.098,-0.81,-6.36,1011,-81,-376,0,0,3164,-0.0486,-0.014,-0.002,-0.098,-0.81,-6.36,1011,-84,-426,0,0,3582,-0.0281,0.018,0.062,-0.038,-0.81,-6.36,1076,2572,-431,0,0,3869,-0.0152,-0.024,0.061,-0.039,-0.81,-6.36,1075,2753,-464,0,0
28.920,723.8,-256.46,-23.75,-154.15,123.7,0.35,-0.17,0.00,1.00,0.00,1.00,3,5795,373.4,2.20,-0.66,3.59,0.50,1002,519,2814,-0.0594,0.023,-0.002,-0.098,-0.43,-6.73,1024,-79,-208,0,0,2952,-0.0513,-0.022,-0.002,-0.098,-0.43,-6.73,1024,-80,-218,0,0,3726,-0.0246,0.029,0.058,-0.042,-0.40,-6.77,1085,2602,-226,0,0,3860,-0.0165,-0.010,0.058,-0.042,-0.40,-6.77,1085,2695,-234,0,0
29.040,728.0,-256.76,-23.75,-150.01,125.2,0.35,-0.11,0.00,1.00,0.00,1.00,3,5868,371.6,2.20,-0.66,3.75,0.58,1026,524,2869,-0.0577,0.014,-0.002,-0.098,-0.14,-7.02,1036,-80,-71,0,0,2954,-0.0537,-0.021,-0.002,-0.098,-0.14,-7.02,1036,-82,-73,0,0,3733,-0.0230,0.013,0.059,-0.041,-0.10,-7.07,1099,2628,-58,0,0,3741,-0.0191,-0.022,0.059,-0.041,-0.10,-7.07,1099,2644,-58,0,0
29.160,732.2,-257.07,-23.76,-145.82,126.7,0.35,-0.07,0.00,1.00,0.00,1.00,3,5920,370.4,2.20,-0.70,3.90,0.40,1050,535,2982,-0.0552,0.020,-0.002,-0.098,0.07,-7.09,1048,-80,29,0,0,2863,-0.0545,-0.007,-0.002,-0.098,0.07,-7.09,1048,-84,28,0,0,3891,-0.0208,0.018,0.056,-0.044,0.10,-7.06,1109,2650,53,0,0,3816,-0.0201,-0.009,0.056,-0.044,0.10,-7.06,1109,2615,52,0,0
29.280,736.4,-257.39,-23.77,-141.58,128.1,0.34,-0.04,0.00,0.00,0.00,1.00,3,5954,310.5,2.11,-0.71,3.98,0.19,1074,550,2961,-0.0546,0.005,-0.002,-0.098,0.20,-6.96,1060,-79,94,0,0,2833,-0.0561,-0.013,-0.002,-0.098,0.20,-6.96,1060,-78,90,0,0,3817,-0.0196,0.010,0.050,-0.050,0.21,-6.95,1114,2474,119,0,0,3701,-0.0211,-0.008,0.050,-0.050,0.21,-6.95,1114,2413,116,0,0
29.400,740.7,-257.72,-23.77,-137.32,127.9,-0.04,-0.03,0.00,0.00,0.00,1.00,3,5584,-64.6,0.50,-0.48,4.04,0.08,1081,552,3631,-0.0481,0.054,-0.001,-0.099,0.26,-6.90,1059,-36,152,0,0,3479,-0.0505,0.046,-0.001,-0.099,0.26,-6.90,1059,-34,146,0,0,3262,-0.0248,-0.043,-0.013,-0.087,0.25,-6.91,1046,-657,132,0,0,3242,-0.0277,-0.055,-0.013,-0.087,0.25,-6.91,1046,-647,142,0,0
29.520,745.0,-258.05,-23.78,-133.09,127.2,-0.18,-0.02,0.00,0.00,0.00,1.00,3,5552,-64.4,0.23,-0.17,4.08,-0.06,1075,544,3765,-0.0404,0.064,-0.001,-0.099,0.28,-6.88,1053,-40,172,0,0,3602,-0.0438,0.056,-0.001,-0.099,0.28,-6.88,1053,-38,165,0,0,3141,-0.0314,-0.055,-0.013,-0.087,0.27,-6.89,1040,-649,137,0,0,2989,-0.0348,-0.059,-0.014,-0.086,0.27,-6.89,1039,-631,131,0,0
29.640,749.2,-258.38,-23.78,-128.88,126.4,-0.17,-0.02,0.00,0.00,0.00,1.00,3,5522,-64.2,0.20,-0.06,4.09,-0.18,1065,537,3795,-0.0386,0.016,-0.001,-0.099,0.29,-6.87,1047,-41,180,0,0,3624,-0.0416,0.018,-0.001,-0.099,0.29,-6.87,1047,-38,172,0,0,3160,-0.0349,-0.030,-0.013,-0.087,0.28,-6.88,1034,-651,143,0,0,2976,-0.0386,-0.032,-0.014,-0.086,0.28,-6.88,1034,-629,135,0,0
29.760,753.4,-258.71,-23.78,-124.69,125.7,-0.17,-0.02,0.00,0.00,0.00,1.00,3,5494,-64.0,0.20,-0.08,4.11,-0.26,1053,531,3687,-0.0380,0.005,-0.001,-0.099,0.30,-6.86,1041,-38,180,0,0,3500,-0.0417,0.000,-0.001,-0.099,0.30,-6.86,1042,-35,172,0,0,3227,-0.0352,-0.003,-0.013,-0.087,0.28,-6.88,1029,-643,149,0,0,3076,-0.0389,-0.002,-0.013,-0.087,0.28,-6.88,1029,-628,143,0,0
29.880,757.6,-259.05,-23.78,-120.53,125.0,-0.17,-0.02,0.00,0.00,0.00,1.00,3,5461,-63.7,0.20,-0.09,4.12,-0.30,1041,525,3616,-0.0389,-0.008,-0.001,-0.099,0.30,-6.86,1035,-37,179,0,0,3436,-0.0426,-0.008,-0.001,-0.099,0.30,-6.86,1036,-34,171,0,0,3185,-0.0355,-0.002,-0.013,-0.087,0.28,-6.88,1023,-640,147,0,0,3045,-0.0392,-0.003,-0.013,-0.087,0.28,-6.88,1022,-627,141,0,0
30.001,761.7,-259.38,-23.78,-116.39,124.3,-0.17,-0.02,0.00,0.00,0.00,1.00,3,5432,-63.5,0.20,-0.13,4.13,-0.32,1029,519,3670,-0.0386,0.003,-0.001,-0.099,0.30,-6.86,1030,-37,179,0,0,3489,-0.0421,0.004,-0.001,-0.099,0.30,-6.86,1030,-34,170,0,0,3286,-0.0357,-0.002,-0.013,-0.087,0.28,-6.88,1017,-644,149,0,0,3117,-0.0393,0.000,-0.013,-0.087,0.28,-6.88,1017,-627,142,0,0
30.121,765.8,-259.71,-23.78,-112.27,123.6,-0.17,-0.02,0.00,0.00,0.00,1.00,3,5399,-63.3,0.20,-0.15,4.14,-0.30,1017,513,3620,-0.0387,-0.001,-0.001,-0.099,0.30,-6.86,1023,-37,178,0,0,3467,-0.0423,-0.002,-0.001,-0.099,0.30,-6.86,1024,-34,171,0,0,3204,-0.0354,0.003,-0.013,-0.087,0.28,-6.88,1011,-634,147,0,0,3068,-0.0390,0.003,-0.013,-0.087,0.28,-6.88,1011,-622,141,0,0
30.241,769.9,-260.05,-23.77,-108.18,122.8,-0.17,-0.02,0.00,0.00,0.00,1.00,3,5368,-63.1,0.20,-0.17,4.15,-0.32,1005,507,3705,-0.0388,0.000,-0.001,-0.099,0.30,-6.86,1018,-39,180,0,0,3545,-0.0420,0.003,-0.001,-0.099,0.30,-6.86,1018,-36,173,0,0,3178,-0.0359,-0.004,-0.013,-0.087,0.28,-6.88,1005,-636,144,0,0,3011,-0.0398,-0.007,-0.013,-0.087,0.28,-6.88,1005,-620,137,0,0
30.361,774.0,-260.38,-23.77,-104.11,122.1,-0.17,-0.02,0.00,0.00,0.00,1.00,3,5338,-62.9,0.20,-0.21,4.16,-0.33,994,501,3678,-0.0383,0.004,-0.001,-0.099,0.30,-6.86,1012,-38,180,0,0,3511,-0.0420,0.000,-0.001,-0.099,0.30,-6.86,1012,-35,173,0,0,3218,-0.0355,0.004,-0.013,-0.087,0.28,-6.88,999,-633,147,0,0,3070,-0.0392,0.005,-0.013,-0.087,0.28,-6.88,999,-620,140,0,0
30.481,778.1,-260.72,-23.76,-100.07,121.4,-0.17,-0.02,0.00,0.00,0.00,1.00,3,5305,-62.6,0.20,-0.23,4.17,-0.31,982,495,3596,-0.0391,-0.007,-0.001,-0.099,0.30,-6.86,1006,-37,177,0,0,3580,-0.0424,-0.003,-0.001,-0.099,0.30,-6.86,1006,-37,176,0,0,3183,-0.0356,-0.001,-0.013,-0.087,0.28,-6.88,993,-631,145,0,0,3029,-0.0393,-0.001,-0.013,-0.087,0.28,-6.88,993,-617,138,0,0
30.601,782.1,-261.06,-23.74,-96.05,120.7,-0.17,-0.02,0.00,0.00,0.00,1.00,3,5276,-62.4,0.20,-0.27,4.18,-0.33,970,489,3834,-0.0381,0.008,-0.001,-0.099,0.30,-6.86,1000,-63,187,0,0,3640,-0.0419,0.004,-0.001,-0.099,0.30,-6.86,1000,-45,178,0,0,3246,-0.0356,0.000,-0.013,-0.087,0.28,-6.88,988,-629,147,0,0,3097,-0.0392,0.001,-0.013,-0.087,0.28,-6.88,988,-616,141,0,0
30.721,786.1,-261.40,-23.73,-92.05,120.0,-0.17,-0.02,0.00,0.00,0.00,1.00,3,5246,-62.2,0.20,-0.33,4.19,-0.33,959,484,3651,-0.0379,0.002,-0.001,-0.099,0.30,-6.86,994,-37,181,0,0,3475,-0.0417,0.001,-0.001,-0.099,0.30,-6.86,994,-34,172,0,0,3260,-0.0347,0.007,-0.012,-0.088,0.28,-6.88,982,-623,149,0,0,3125,-0.0384,0.006,-0.013,-0.087,0.28,-6.88,982,-614,143,0,0
30.841,790.1,-261.73,-23.71,-88.08,119.3,-0.17,-0.04,-0.20,0.00,0.00,1.00,3,5214,-62.0,0.20,-0.37,4.17,-1.37,948,478,3588,-0.0384,-0.004,0.001,-0.099,-3.46,-3.70,987,16,-1382,0,0,3603,-0.0415,0.001,0.000,-0.100,-2.76,-4.40,988,-15,-1123,0,0,3065,-0.0356,-0.008,-0.012,-0.088,0.29,-6.87,976,-597,144,0,0,3203,-0.0392,-0.007,-0.013,-0.087,0.29,-6.87,976,-648,150,0,0
30.961,794.1,-262.11,-23.69,-84.14,118.4,-0.20,-0.35,0.00,0.00,0.00,1.00,3,5177,-61.7,0.20,-0.31,3.51,-14.74,935,469,3340,-0.0458,-0.062,-0.001,-0.099,0.08,-7.09,975,-44,94,0,0,4110,-0.0304,0.093,-0.001,-0.099,0.07,-7.09,987,-36,112,0,0,2816,-0.0451,-0.079,-0.009,-0.091,-1.07,-6.10,967,-385,-458,0,0,3451,-0.0295,0.081,-0.016,-0.084,-1.05,-6.11,971,-839,-546,0,0
31.081,798.0,-262.50,-23.67,-80.23,117.7,-0.16,-0.24,0.00,0.00,0.00,1.00,3,5140,-61.5,0.20,-0.27,3.59,-8.58,924,483,3369,-0.0456,0.002,-0.001,-0.099,-0.98,-6.18,971,-38,-523,0,0,3986,-0.0322,-0.015,-0.001,-0.099,-0.98,-6.19,978,-36,-609,0,0,2871,-0.0428,0.019,-0.011,-0.089,-1.65,-5.51,961,-469,-756,0,0,3364,-0.0302,-0.006,-0.016,-0.084,-1.64,-5.52,964,-750,-871,0,0
31.201,801.9,-262.95,-23.65,-76.34,116.9,-0.17,-0.46,0.00,0.00,0.00,1.00,3,5106,-61.2,0.20,-0.25,3.24,-12.28,912,481,3135,-0.0500,-0.037,-0.004,-0.096,-0.88,-6.28,961,-162,-1308,0,0,4790,-0.0279,0.036,-0.005,-0.095,-0.88,-6.29,970,-309,-1719,0,0,2362,-0.0482,-0.044,-0.011,-0.089,-1.84,-5.32,954,-362,-689,0,0,3854,-0.0258,0.037,-0.016,-0.084,-1.82,-5.34,958,-856,-1085,0,0
31.321,805.8,-263.44,-23.62,-72.53,113.8,-0.73,-0.30,0.00,0.00,1.00,1.00,3,4097,-54.2,0.20,0.04,3.34,-6.29,877,469,4293,-0.0403,0.081,-0.184,0.084,-1.71,-5.45,771,-3964,-579,858,1,4846,-0.0202,0.065,-0.182,0.082,-1.70,-5.46,779,-4435,-653,858,1,2150,-0.0533,-0.043,-0.192,0.092,-2.25,-4.91,784,-2034,-402,462,1,2515,-0.0332,-0.062,-0.181,0.081,-2.24,-4.92,783,-2366,-467,462,1
31.441,809.5,-263.95,-23.59,-68.86,109.2,-1.06,-0.26,0.00,0.00,1.00,1.00,3,3681,-50.9,0.20,0.64,3.64,-6.76,817,441,4697,-0.0242,0.135,-0.179,0.079,-2.00,-5.16,722,-4288,-754,2860,0,5100,-0.0111,0.076,-0.185,0.085,-1.99,-5.18,746,-4626,-804,858,1,406,-0.0666,-0.111,-0.216,0.116,-2.19,-4.97,671,-391,-71,462,1,2091,-0.0521,-0.158,-0.234,0.134,-2.57,-4.59,677,-1957,-352,462,1
31.561,813.0,-264.46,-23.56,-65.35,104.7,-1.05,-0.28,0.00,0.00,1.00,0.67,3,3210,-47.6,0.20,0.87,3.66,-8.65,755,414,4829,-0.0178,0.053,-0.182,0.082,-2.32,-4.84,712,-4373,-881,858,1,5415,-0.0057,0.045,-0.188,0.088,-2.30,-4.86,715,-4859,-970,858,1,1579,-0.0724,-0.049,-0.300,0.200,-3.07,-4.09,592,-1446,-251,462,1,2110,-0.0597,-0.064,-0.305,0.205,-3.05,-4.12,594,-1915,-326,462,1
31.681,816.4,-264.99,-23.53,-61.98,100.2,-1.05,-0.31,-0.08,0.00,1.00,0.19,3,3165,-47.5,0.20,0.79,3.59,-9.98,693,387,4500,-0.0197,-0.016,-0.176,0.076,-2.81,-4.35,662,-4054,-991,2860,0,5250,-0.0047,0.008,-0.197,0.097,-2.78,-4.38,677,-4677,-1122,858,1,1821,-0.0718,0.005,-0.284,0.184,-3.71,-3.45,589,-1660,-369,462,1,2418,-0.0576,0.018,-0.285,0.185,-3.68,-3.49,594,-2184,-480,462,1
31.801,819.7,-265.54,-23.49,-58.77,96.2,-0.90,-0.48,-0.41,0.00,1.00,1.00,2,2969,-46.1,0.20,0.74,3.29,-18.88,636,364,3560,-0.0281,-0.070,-0.279,0.179,-17.36,10.20,541,-2041,-2351,858,1,5127,-0.0051,-0.004,-0.194,0.094,-14.70,7.54,627,-2716,-3564,858,1,1604,-0.0757,-0.033,-0.522,0.422,-4.79,-2.37,376,-1329,-225,462,1,2821,-0.0527,0.041,-0.518,0.418,-4.70,-2.46,386,-2296,-385,462,1
31.921,822.8,-266.12,-23.45,-55.68,92.6,-0.80,-0.51,-0.81,0.00,1.00,1.00,2,2126,-40.2,0.20,0.74,3.12,-30.08,589,359,4280,-0.0305,-0.020,-0.521,0.421,-35.81,28.65,291,-2046,-2734,858,1,5581,-0.0032,0.016,-0.303,0.203,-29.99,22.83,468,-2199,-4022,858,1,1606,-0.0770,-0.011,-0.642,0.542,-7.51,0.35,268,-1257,-280,462,1,2721,-0.0488,0.032,-0.642,0.542,-7.29,0.13,276,-2096,-454,462,1
32.041,825.8,-266.71,-23.41,-52.72,88.7,-0.85,-0.43,-0.95,0.00,1.00,1.00,2,1441,-35.6,0.20,0.65,3.32,-33.90,542,364,4297,-0.0286,0.016,-0.927,0.827,-47.26,40.10,34,-2115,-2384,858,1,5023,-0.0047,-0.012,-0.561,0.461,-39.79,32.63,249,-2205,-3255,858,1,2235,-0.0691,0.066,-0.765,0.665,-11.13,3.97,191,-1648,-484,462,1,2843,-0.0463,0.021,-0.771,0.671,-10.74,3.58,192,-2077,-584,462,1
32.161,828.7,-267.31,-23.36,-49.90,85.0,-0.81,-0.36,-0.95,0.00,1.00,1.00,2,853,-31.8,0.20,0.81,3.61,-31.66,497,371,4068,-0.0281,0.004,-0.983,0.883,-51.02,43.85,5,-1982,-2250,858,1,4524,-0.0117,-0.058,-0.853,0.753,-43.39,36.23,74,-2266,-2495,858,1,2059,-0.0667,0.020,-0.839,0.739,-14.59,7.43,107,-1461,-515,462,1,2465,-0.0503,-0.033,-0.842,0.742,-14.09,6.93,110,-1743,-592,462,1
32.281,831.5,-267.91,-23.31,-47.19,81.6,-0.75,-0.35,-0.96,0.00,1.00,0.80,2,822,1.4,0.22,1.05,3.71,-27.42,456,372,3882,-0.0309,-0.023,-0.991,0.891,-54.50,47.34,0,-1829,-2227,858,1,4452,-0.0172,-0.046,-0.972,0.872,-46.79,39.62,11,-2253,-2334,858,1,1870,-0.0686,-0.016,-0.880,0.780,-17.54,10.38,76,-1295,-530,462,1,2359,-0.0549,-0.038,-0.796,0.696,-17.01,9.84,136,-1641,-704,462,1
32.401,834.1,-268.50,-23.26,-44.61,77.8,-0.80,-0.40,-0.96,0.00,0.88,0.32,2,819,5.5,0.24,1.01,3.63,-23.21,417,363,4492,-0.0236,0.061,-0.979,0.879,-57.42,50.26,5,-2026,-2629,858,1,5301,-0.0079,0.078,-0.986,0.886,-49.66,42.50,5,-2564,-2839,858,1,1739,-0.0715,-0.024,-0.947,0.847,-19.88,12.72,32,-1178,-516,462,1,2416,-0.0561,-0.011,-0.713,0.613,-19.35,12.19,179,-1649,-889,462,1
32.521,836.7,-269.09,-23.19,-42.15,73.8,-0.83,-0.46,-0.96,0.00,0.37,0.15,1,884,-31.8,0.21,0.67,3.51,-16.56,377,343,3856,-0.0267,-0.026,-0.816,0.716,-59.71,52.55,58,-1623,-2447,321,1,5078,-0.0062,0.014,-0.575,0.475,-51.99,44.83,164,-1962,-3397,321,1,2128,-0.0653,0.052,-0.700,0.600,-21.35,14.19,168,-1422,-870,173,1,3224,-0.0460,0.084,-0.696,0.596,-20.92,13.75,174,-2127,-1310,173,1
32.641,839.1,-269.68,-23.12,-39.84,70.0,-0.72,-0.63,-0.97,0.00,0.00,0.02,1,1045,-32.4,0.20,0.68,3.17,-18.52,340,316,3109,-0.0373,-0.088,-0.136,0.036,-60.64,53.48,243,-401,-2585,0,0,4983,-0.0078,-0.014,-0.036,-0.064,-52.80,45.63,341,-229,-4112,0,0,1501,-0.0714,-0.051,-0.687,0.587,-22.45,15.29,172,-1001,-630,0,0,3049,-0.0419,0.034,-0.669,0.569,-21.92,14.76,186,-1995,-1246,0,0
